Origin Time,Latitude,Longitude,Depth,Magnitude,Location,Total Fatalities,Total Injuries,Estimated Economic Loss (USD),Buildings Collapsed,Population Density
2021-07-31 09:43:23 IST,29.06,77.42,5,2.5,"53km NNE of New Delhi, India", ,3,58486,8,1957
2021-07-30 23:04:57 IST,19.93,72.92,5,2.4,"91km W of Nashik, Maharashtra, India",1,5,7121,10,13087
2021-07-30 21:31:10 IST,31.5,74.37,33,3.4,"49km WSW of Amritsar, Punjab, India",3,8,132843,13,1289
2021-07-30 13:56:31 IST,28.34,76.23,5,3.1,"50km SW of Jhajjar, Haryana",3,5,87619,5,2875
2021-07-30 07:19:38 IST,27.09,89.97,10,2.1,"53km SE of Thimphu, Bhutan",1,7,31291,11,4190
2021-07-30 04:39:14 IST,38.52,73.27,115,5.2,"286km NE of Fayzabad, Afghanistan",2,6,96091,17,14929
2021-07-30 03:33:16 IST,27.9,94.2,10,3,"48km W of Basar, Arunachal Pradesh, India",1,5,136377,13,6282
2021-07-29 18:47:30 IST,26.6,92.51,28,3.1,"28km WSW of Tezpur, Assam, India",1,0,92551,4,7550
2021-07-29 14:09:29 IST,22.88,95.95,10,5.5,"107km N of Burma, Myanmar",2,7,60658,7,11556
2021-07-27 16:11:30 IST,37.96,72.39,160,4.3,"188km ENE of Fayzabad, Afghanistan",2,5,88824,8,9564
2021-07-27 05:54:26 IST,32.29,76.65,10,2.6,"31km ENE of Dharamshala, Himachal Pradesh, India",1,5,99026,7,12629
2021-07-26 16:38:34 IST,38.1,75.45,10,4.4,"399km N of Kargil, Laddakh, India",0,6,3525,4,7322
2021-07-26 14:19:17 IST,36.78,73.49,19,4.2,"263km E of Fayzabad, Afghanistan",4,8,92861,14,14584
2021-07-26 10:33:31 IST,24.6,94.33,50,4.9,"39km SSW of Ukhrul, Manipur, India",2,4,32782,6,11962
2021-07-26 05:00:53 IST,16,78.22,10,4,"156km S of Hyderabad, Telangana, India",1,6,132951,8,6050
2021-07-25 20:39:22 IST,27.29,88.5,10,4,"11km WSW of Gangtok, Sikkim",3,4,21947,11,5750
2021-07-25 04:41:22 IST,37.37,71.85,100,4.2,"118km ENE of Fayzabad, Afghanistan",2,1,150634,6,13945
2021-07-24 09:55:40 IST,28.97,77.2,18,2.4,"39km N of New Delhi, India",6,3,79541,9,10282
2021-07-24 01:42:50 IST,36.57,70.78,250,4.5,"62km SSE of Fayzabad, Afghanistan",1,4,72851,5,9340
2021-07-24 01:28:41 IST,30.74,78.68,10,3.4,"23km E of Uttarkashi, Uttarakhand, India",1,5,114722,9,11379
2021-07-23 21:31:58 IST,27.56,91.13,10,3.2,"73km W of Tawang, Arunachal Pradesh, India",2,4,56698,7,8434
2021-07-23 18:42:01 IST,27.35,86.86,10,3.5,"134km W of Yuksom, Sikkim, India",2,5,113937,14,2429
2021-07-23 11:46:58 IST,25.94,92.56,5,2.9,"73km E of Nongpoh, Meghalaya, India",1,2,63394,11,4822
2021-07-22 16:28:47 IST,24.84,94.15,40,3.5,"21km E of Imphal, Manipur, India",3,2,72163,8,8391
2021-07-22 07:42:15 IST,29.65,69.5,15,4.8,"413km WNW of Bikaner, Rajasthan, India",4,5,120267,12,321
2021-07-21 12:45:04 IST,27.32,88.86,10,2.8,"24km E of Gangtok, Sikkim",1,5,43070,9,6588
2021-07-21 10:12:30 IST,36.88,71.61,23,3.6,"97km ESE of Fayzabad, Afghanistan",3,5,36783,12,11349
2021-07-21 05:24:29 IST,29.19,70.05,110,5.3,"343km WNW of Bikaner, Rajasthan, India",1,6,112411,11,2505
2021-07-21 04:57:46 IST,34.2,77.78,200,3.6,"19km ENE of Leh, Laddakh, India",4,4,98655,6,1015
2021-07-21 02:10:49 IST,25.88,90.34,10,4.1,"42km NNE of Tura, Meghalaya, India",4,9,108434,8,12548
2021-07-21 02:06:28 IST,29.01,76.91,5,2.1,"32km ENE of Rohtak, Haryana, India",2,7,116381,9,9278
2021-07-21 01:18:07 IST,29.01,76.91,5,2.3,"32km ENE of Rohtak, Haryana, India",0,2,102868,11,2689
2021-07-20 23:19:21 IST,29.28,69.05,250,4.5,"438km WNW of Bikaner, Rajasthan, India",0,3,130404,5,12104
2021-07-19 21:03:34 IST,20.02,72.92,5,3.4,"90km W of Nashik, Maharashtra, India",2,4,104871,9,9889
2021-07-19 18:46:58 IST,27.4,88.62,10,3.2,"6km N of Gangtok, Sikkim, India",2,6,-365,13,5045
2021-07-18 20:44:34 IST,28.84,81.22,23,3.8,"127km SE of Pithoragarh, Uttarakhand, India",2,7,12605,15,5674
2021-07-18 12:43:39 IST,23.39,70.39,10,3.9,"127km NNW of Rajkot, Gujarat, India",1,4,196397,8,2380
2021-07-18 10:08:58 IST,34.13,77.8,20,3.7,"20km E of Leh, Laddakh, India",5,5,100003,8,12537
2021-07-18 04:48:28 IST,32.43,76.48,10,2.6,"27km NNE of Dharamshala, Himachal Pradesh, India",4,5,147512,10,7659
2021-07-18 02:59:02 IST,28.75,76.6,10,2.2,"16km S of Rohtak, Haryana, India",0,3,82714,7,8377
2021-07-18 02:55:14 IST,28.69,76.71,10,2.8,"10km NNE of Jhajjar, Haryana",1,3,97099,10,13258
2021-07-16 23:32:28 IST,31.58,78.19,5,3.1,"97km NNW of Uttarkashi, Uttarakhand, India",2,7,77331,8,286
2021-07-16 09:54:15 IST,37.23,71.25,146,3.6,"63km ENE of Fayzabad, Afghanistan",2,3,223296,14,1050
2021-07-16 08:39:11 IST,26.48,92.44,10,3.4,"40km WSW of Tezpur, Assam, India",0,8,112662,14,2465
2021-07-16 00:51:46 IST,22.48,94.42,10,3.1,"155km SE of Champhai, Mizoram, India",2,8,73257,8,499
2021-07-15 19:47:26 IST,31.19,77.92,10,3.6,"71km NW of Uttarkashi, Uttarakhand, India",2,5,17423,7,9889
2021-07-15 07:23:18 IST,17.47,73.26,5,3.5,"132km SSW of Pune, Maharashtra, India",3,5,198686,14,9526
2021-07-15 05:48:34 IST,36.66,71.64,10,4,"108km ESE of Fayzabad, Afghanistan",1,3,91836,7,3201
2021-07-15 02:04:40 IST,23.46,94.61,19,4.4,"130km E of Champhai, Mizoram, India",0,3,137211,9,2283
2021-07-15 01:40:51 IST,22.45,94.19,10,3.8,"142km SE of Champhai, Mizoram, India",2,6,142799,15,2227
2021-07-15 00:03:08 IST,36.52,71.14,10,3.5,"83km SE of Fayzabad, Afghanistan",2,5,76858,7,14300
2021-07-14 23:33:26 IST,28.89,89,10,3.4,"135km N of Lachung, Sikkim, India",1,4,133622,13,10417
2021-07-14 19:55:09 IST,25.99,90.4,8,3.4,"56km NNE of Tura, Meghalaya, India",3,6,69793,10,8802
2021-07-14 13:47:49 IST,36.52,71.31,70,3.9,"93km SE of Fayzabad, Afghanistan",2,3,50478,5,4871
2021-07-14 11:17:27 IST,36.56,71.43,20,3.9,"98km SE of Fayzabad, Afghanistan",3,12,158223,10,6523
2021-07-14 02:40:33 IST,36.47,70.72,165,4.6,"71km SSE of Fayzabad, Afghanistan",2,1,92090,10,1386
2021-07-13 22:40:28 IST,29.12,77.4,5,2.4,"59km NNE of New Delhi, India",0,6,125925,9,14972
2021-07-13 01:44:59 IST,14.5,93.14,10,4.2,"138km N of Diglipur, Andaman and Nicobar island, India",2,1,120546,8,11338
2021-07-12 04:49:18 IST,38.44,71.59,10,3.1,"174km NNE of Fayzabad, Afghanistan",1,6,131896,8,9340
2021-07-11 12:19:09 IST,39.11,69.57,130,3.8,"91km NE of Dushanbe, Tajikistan",1,1,22173,5,8837
2021-07-11 08:42:04 IST,19.7,77.28,10,3,"114km SSE of Akola,Maharashtra,India",3,4,70735,7,7589
2021-07-11 08:33:17 IST,19.73,77.77,10,4.4,"122km NNW of Nizamabad, Telangana, India",1,3,83776,6,3898
2021-07-11 07:04:49 IST,38.81,70.34,10,4.2,"137km ENE of Dushanbe, Tajikistan",4,3,58426,11,3434
2021-07-10 11:36:10 IST,39.14,70.94,160,4.3,"197km ENE of Dushanbe, Tajikistan",2,5,121450,9,8265
2021-07-10 11:18:08 IST,39.04,70.68,160,4.7,"172km ENE of Dushanbe, Tajikistan",0,5,159344,7,1099
2021-07-10 08:11:14 IST,2.25,97.29,40,5.5,"498km WSW of Kuala Lumpur, Malaysia",4,5,167259,11,1163
2021-07-10 07:44:46 IST,38.91,70.73,37,5.9,"173km ENE of Dushanbe, Tajikistan",5,9,83039,6,8434
2021-07-10 07:31:12 IST,26.62,92.45,17,3.1,"34km W of Tezpur, Assam, India",2,3,114598,7,13801
2021-07-09 13:16:25 IST,25.99,90.27,5,4.3,"53km N of Tura, Meghalaya, India",0,3,122282,10,13718
2021-07-09 07:08:35 IST,37.05,72,90,4.6,"128km E of Fayzabad, Afghanistan",0,6,131062,13,211
2021-07-09 05:56:27 IST,24.7,94.99,90,4.5,"57km ESE of Ukhrul, Manipur, India",1,6,56093,20,1655
2021-07-08 18:53:26 IST,34.83,97.83,10,4.8,"782km NNE of Pangin, Arunachal Pradesh, India",1,3,191029,13,8767
2021-07-08 17:02:43 IST,26.34,92.79,15,2.9,"34km S of Tezpur, Assam, India",2,7,146326,14,12734
2021-07-08 13:50:55 IST,36.51,71.26,167,5.1,"91km SE of Fayzabad, Afghanistan",2,4,147632,9,14319
2021-07-08 04:22:13 IST,37.4,73.03,10,4.1,"222km E of Fayzabad, Afghanistan",5,1,160173,7,12915
2021-07-07 15:32:07 IST,31.66,96.56,10,3.9,"410km NNE of Pangin, Arunachal Pradesh, India",1,7,126706,10,10180
2021-07-07 13:56:42 IST,25.97,90.42,10,3.7,"55km NNE of Tura, Meghalaya, India",2,7,48634,9,3047
2021-07-07 12:57:13 IST,34.68,98.42,22,4.5,"785km NNE of Pangin, Arunachal Pradesh, India",4,2,93051,7,1135
2021-07-07 08:45:25 IST,26.15,90.28,14,5.2,"71km N of Tura, Meghalaya, India",1,5,17447,10,760
2021-07-06 23:46:17 IST,37.78,74.16,10,4.3,"327km ENE of Fayzabad, Afghanistan",2,6,120753,9,9200
2021-07-06 19:47:58 IST,37.3,72.52,10,4.1,"175km E of Fayzabad, Afghanistan",1,9,91539,8,591
2021-07-06 15:10:49 IST,37.5,69.18,46,3.9,"122km SSE of Dushanbe, Tajikistan",4,3,97973,15,11101
2021-07-05 22:36:54 IST,28.7,76.65,5,3.7,"10km N of Jhajjar, Haryana",5,4,160200,13,10701
2021-07-05 20:20:59 IST,24.67,94.14,20,2.8,"26km SE of Imphal, Manipur, India",2,10,77150,10,1240
2021-07-05 16:36:17 IST,22.46,93.64,10,3.5,"115km SSE of Champhai, Mizoram, India",1,4,87393,8,13604
2021-07-05 09:04:09 IST,27.25,89.38,14,2.9,"35km SW of Thimphu, Bhutan",3,4,101098,12,7852
2021-07-05 03:18:37 IST,32.89,98.86,120,4.6,"610km NNE of Changlang, Arunachal Pradesh, India",2,4,8000,11,13571
2021-07-04 23:46:23 IST,39.17,71.78,50,4.1,"254km NNE of Fayzabad, Afghanistan",5,7,86696,11,13529
2021-07-04 22:27:15 IST,26.22,96.31,45,3.8,"172km S of Changlang, Arunachal Pradesh, India",5,8,-24289,9,2995
2021-07-04 19:00:52 IST,24.81,93.9,30,3.3,"3km WSW of Imphal, Manipur, India",5,6,70723,8,5739
2021-07-03 23:02:19 IST,36.55,70.86,168,3.9,"67km SSE of Fayzabad, Afghanistan",1,6,142759,12,2062
2021-07-01 07:07:43 IST,20.05,72.94,5,3.6,"89km W of Nashik, Maharashtra, India",0,3,122363,13,11635
2021-06-30 21:35:36 IST,20.01,72.83,5,3.1,"100km W of Nashik, Maharashtra, India",1,5,70258,11,7586
2021-06-30 21:02:17 IST,26.52,92.52,65,2.7,"30km WSW of Tezpur, Assam, India",2,6,102039,12,13935
2021-06-29 18:37:25 IST,27.4,89.54,50,3.1,"12km SW of Thimphu, Bhutan",1,2,46250,10,3162
2021-06-28 12:18:05 IST,30.084,80.26,10,3.7,"55km N of Pithoragarh, Uttarakhand, India",0,8,99882,7,10341
2021-06-28 06:10:35 IST,34.49,78.43,18,4.6,"86km ENE of Leh, Laddakh, India",2,5,246516,6,14839
2021-06-26 01:26:59 IST,39.32,75.05,10,3.8,"397km S of Bishkek, Kyrgyzstan",2,4,192290,8,9997
2021-06-26 00:36:34 IST,25.48,93.79,10,2.3,"36km S of Chumukedima, Nagaland, India",1,4,102631,9,1078
2021-06-25 09:26:35 IST,37.12,72.11,30,3.9,"138km E of Fayzabad, Afghanistan",0,2,108007,11,8846
2021-06-25 06:41:19 IST,36.6,71.27,16,3.8,"84km SE of Fayzabad, Afghanistan",3,5,51021,12,2738
2021-06-25 04:34:44 IST,34.87,69.15,10,5.3,"35km N of Kabul , Afghanistan",3,5,59910,12,506
2021-06-24 11:57:00 IST,20.01,72.95,5,3.7,"87km W of Nashik, Maharashtra, India",1,4,118109,7,5057
2021-06-24 10:28:58 IST,35.81,70.93,131,4.5,"147km SSE of Fayzabad, Afghanistan",0,2,73755,9,4028
2021-06-24 02:19:42 IST,39.81,77.07,10,3.9,"399km SSE of Bishkek, Kyrgyzstan",0,4,145207,17,11842
2021-06-23 06:39:14 IST,33.38,71.51,100,4.5,"146km WSW of Islamabad, Pakistan",4,4,178484,8,5636
2021-06-22 22:14:35 IST,28.13,92.09,70,4.6,"64km NNE of Tawang, Arunachal Pradesh, India",1,1,116631,10,11007
2021-06-21 15:37:03 IST,28.28,87.82,10,4,"108km NNW of Yuksom, Sikkim, India",3,8,105086,6,292
2021-06-21 12:57:41 IST,26.53,92.67,15,2.8,"18km SW of Tezpur, Assam, India",4,4,15961,10,271
2021-06-21 06:56:04 IST,1.6,92.23,10,4.9,"629km SSW of Campbell Bay, Andaman and Nicobar island, India",1,10,137380,8,488
2021-06-21 06:09:41 IST,27,93.43,10,3,"19km WSW of Itanagar, Arunachal Pradesh, India",1,6,42816,9,3329
2021-06-20 12:02:01 IST,28.67,77.14,7,2.1,"8km NW of New Delhi, India",0,3,79099,11,5641
2021-06-20 05:41:49 IST,31.29,78.46,15,3.1,"62km N of Uttarkashi, Uttarakhand, India",0,6,147978,8,9137
2021-06-20 01:31:43 IST,29.55,84.31,15,4.3,"226km NNW of Kathmandu, Nepal",0,4,151487,16,14789
2021-06-20 01:22:50 IST,25.28,94.3,30,3.6,"20km NW of Shirui, Manipur, India",3,3,76674,10,5348
2021-06-20 01:02:07 IST,28.89,94.79,17,3.1,"95km NNW of Pangin, Arunachal Pradesh, India",2,2,79554,14,882
2021-06-19 19:29:15 IST,31.9,69.92,10,4.8,"302km SSE of Kabul , Afghanistan",2,3,65034,7,2963
2021-06-19 01:07:32 IST,26.72,92.4,30,4.2,"39km W of Tezpur, Assam, India",1,5,40107,11,13472
2021-06-18 15:45:42 IST,23.42,70.32,20,4,"133km NNW of Rajkot, Gujarat, India",2,3,68260,17,10505
2021-06-18 12:42:51 IST,26.73,92.4,10,2.8,"39km WNW of Tezpur, Assam, India",2,4,19343,10,11863
2021-06-18 04:20:21 IST,25.67,91.29,10,2.6,"58km WSW of Nongpoh, Meghalaya, India",0,3,134153,4,1906
2021-06-18 02:04:40 IST,26.73,92.44,22,4.1,"36km WNW of Tezpur, Assam, India",1,6,119726,8,2068
2021-06-18 01:06:08 IST,24.3,94.1,10,3,"39km ESE of Moirang, Manipur, India",3,5,128026,7,1728
2021-06-17 19:49:40 IST,34.73,73.26,20,4.8,"118km N of Islamabad, Pakistan",4,5,52279,8,12864
2021-06-17 16:44:44 IST,7.29,84.63,50,4.8,"527km E of Colombo, Sri Lanka",3,4,40246,11,3189
2021-06-16 14:18:59 IST,38.02,93.53,10,5.4,"1110km N of Pangin, Arunachal Pradesh, India",0,4,102675,12,9665
2021-06-16 08:01:58 IST,36.07,65.46,10,4.1,"379km WNW of Kabul , Afghanistan",0,6,103205,8,7766
2021-06-16 03:22:18 IST,34.29,70.27,30,4.4,"101km ESE of Kabul , Afghanistan",0,4,92636,7,8188
2021-06-16 02:24:45 IST,23.83,94,15,2.7,"77km SSE of Moirang, Manipur, India",1,6,85525,14,2971
2021-06-15 22:53:57 IST,26.59,92.19,10,3,"60km W of Tezpur, Assam, India",2,4,185538,5,9546
2021-06-15 20:16:07 IST,26.65,97,10,4.4,"126km SSE of Changlang, Arunachal Pradesh, India",2,5,121301,6,694
2021-06-15 15:43:42 IST,31.68,75.56,36,2.9,"39km N of Jalandhar, Punjab, India",5,5,198533,9,14902
2021-06-14 18:35:46 IST,37.75,73.21,10,4,"245km ENE of Fayzabad, Afghanistan",1,4,163448,8,450
2021-06-14 01:15:54 IST,37.22,72.47,50,3.9,"170km E of Fayzabad, Afghanistan",3,5,185163,9,799
2021-06-13 22:47:35 IST,26.52,92.28,10,2.8,"53km WSW of Tezpur, Assam, India",4,3,46276,15,4903
2021-06-13 12:58:08 IST,36.39,71.3,110,4,"103km SE of Fayzabad, Afghanistan",2,4,129658,14,12482
2021-06-13 03:08:25 IST,17.69,95.69,10,3.9,"106km NNW of Rangoon, Myanmar",3,6,78411,8,3894
2021-06-13 00:01:27 IST,20.81,84.99,5,3.5,"104km WNW of Bhubaneswar, Odisha, India",2,6,16830,8,7105
2021-06-12 15:30:51 IST,24.85,97.85,19,4.9,"340km E of Ukhrul, Manipur, India",1,1,174800,8,318
2021-06-12 07:14:43 IST,36.48,70.78,30,4.3,"71km SSE of Fayzabad, Afghanistan",4,3,85315,13,1229
2021-06-11 04:53:12 IST,27.07,92.52,10,3.6,"53km NNW of Tezpur, Assam, India",1,4,47244,8,9139
2021-06-09 17:06:01 IST,31.96,72.89,10,4.1,"190km W of Amritsar, Punjab, India",3,6,79271,11,2955
2021-06-08 18:58:38 IST,36.26,71.83,120,4.3,"147km SE of Fayzabad, Afghanistan",1,4,60188,8,10429
2021-06-08 18:56:48 IST,34.4,81.6,10,3.9,"309km NE of Hanley, Jammu & Kashmir, India",1,3,65315,9,11791
2021-06-06 21:26:45 IST,37.04,72.66,20,4.1,"187km E of Fayzabad, Afghanistan",3,14,88919,6,12762
2021-06-06 06:21:52 IST,32.99,75.82,5,2.5,"82km E of Katra, Jammu and Kashmir, India",0,5,186540,9,2050
2021-06-06 00:07:15 IST,24.48,94.48,47,2.6,"50km S of Ukhrul, Manipur, India",1,4,66684,5,6859
2021-06-05 14:04:49 IST,37.47,72.6,10,3.7,"186km ENE of Fayzabad, Afghanistan",1,5,182963,9,14208
2021-06-05 00:47:17 IST,25.29,94.68,10,3.1,"31km NE of Shirui, Manipur, India",0,5,142441,12,11592
2021-06-04 18:58:16 IST,31.7,68.72,10,4.1,"320km S of Kabul , Afghanistan",1,7,119813,17,1798
2021-06-04 15:02:13 IST,24.97,94.96,80,3.6,"48km E of Ukhrul, Manipur, India",2,7,137406,10,7562
2021-06-03 23:04:00 IST,32.41,76.51,10,2.9,"27km NE of Dharamshala, Himachal Pradesh, India",0,7,100682,9,13839
2021-06-03 11:25:23 IST,34.68,97.8,63,4.8,"765km NNE of Pangin, Arunachal Pradesh, India",3,2,164302,11,6628
2021-06-03 08:16:27 IST,24.27,94.28,10,3.5,"56km ESE of Moirang, Manipur, India",4,5,128349,10,12569
2021-06-03 02:17:44 IST,36.9,67.75,150,4.1,"205km SSW of Dushanbe, Tajikistan",4,3,16766,5,7462
2021-06-03 01:20:19 IST,37.74,68.24,120,3.8,"102km SSW of Dushanbe, Tajikistan",1,7,114812,11,1646
2021-06-03 01:15:38 IST,10.6,91.52,10,4.2,"174km SW of Portblair, Andaman and Nicobar island, India",1,2,139198,9,2260
2021-06-02 23:26:59 IST,36.39,68.39,10,4.3,"208km WSW of Fayzabad, Afghanistan",0,6,85549,5,747
2021-06-02 16:33:27 IST,26.41,90.15,5,2.8,"99km N of Tura, Meghalaya, India",0,4,106312,15,2969
2021-06-02 15:10:29 IST,36.93,68.11,10,4.4,"190km SSW of Dushanbe, Tajikistan",4,8,69357,13,13409
2021-06-02 15:01:41 IST,36.84,68.4,10,4.3,"193km W of Fayzabad, Afghanistan",2,5,31118,10,9770
2021-06-02 09:38:25 IST,26.55,96.05,10,3.6,"144km SSW of Changlang, Arunachal Pradesh, India",1,1,22481,12,11095
2021-06-01 23:48:30 IST,26.77,92.42,10,3.5,"39km WNW of Tezpur, Assam, India",1,2,23146,10,9343
2021-06-01 16:05:30 IST,36.67,71.5,135,4.2,"97km ESE of Fayzabad, Afghanistan",3,3,133452,10,5828
2021-06-01 15:47:03 IST,33.12,75.87,5,3.1,"88km E of Katra, Jammu and Kashmir, India",4,6,-24514,11,3292
2021-06-01 06:56:31 IST,37.16,71.79,46,4.3,"110km E of Fayzabad, Afghanistan",4,8,66676,6,13887
2021-06-01 01:19:34 IST,23.21,94.64,80,4.7,"136km E of Champhai, Mizoram, India",3,4,61717,13,7746
2021-05-31 21:54:04 IST,28.72,77.13,8,2.4,"13km NNW of New Delhi, India",2,3,85892,7,7242
2021-05-31 09:50:50 IST,26.69,92.35,24,3.8,"44km W of Tezpur, Assam, India",2,6,7178,11,14941
2021-05-31 02:00:36 IST,24.65,94.77,24,3.4,"42km SE of Ukhrul, Manipur, India",0,6,120194,15,5789
2021-05-30 15:26:55 IST,36.35,70.27,59,4.1,"87km SSW of Fayzabad, Afghanistan",4,8,36341,12,12819
2021-05-30 14:23:06 IST,26.69,92.39,16,4.1,"40km W of Tezpur, Assam, India",2,6,156620,9,12942
2021-05-30 12:25:17 IST,34.55,98.29,12,4.7,"767km NNE of Pangin, Arunachal Pradesh, India",5,6,68911,7,3528
2021-05-30 10:20:15 IST,34.61,98.07,10,4.7,"766km NNE of Pangin, Arunachal Pradesh, India",2,5,95219,6,1467
2021-05-29 19:08:16 IST,24.51,94.69,16,3.9,"51km SSE of Ukhrul, Manipur, India",0,4,100188,10,14635
2021-05-29 13:30:11 IST,24.79,91.61,3.4,3.4,"54km SSW of Cherrapunjee, Meghalaya, India",3,5,112212,7,6417
2021-05-29 10:06:50 IST,25.09,92.17,15,3,"48km ESE of Cherrapunjee, Meghalaya, India",5,5,101850,7,83
2021-05-29 07:11:55 IST,38.1,74.14,150,4.5,"335km ENE of Fayzabad, Afghanistan",1,6,78644,5,7510
2021-05-29 01:29:04 IST,25.57,91.78,10,3.5,"11km W of Shillong, Meghalaya, India",0,11,117152,10,9308
2021-05-28 22:21:22 IST,22.53,94.62,90,4.4,"153km WNW of Burma, Myanmar",8,8,123307,17,11652
2021-05-28 12:53:25 IST,37.15,69.31,30,5.3,"110km W of Fayzabad, Afghanistan",1,7,61743,6,14146
2021-05-28 09:28:05 IST,27.76,66.39,10,4.6,"666km NNW of Dwarka, Gujarat, India",2,7,121318,7,13731
2021-05-28 04:14:36 IST,37.82,72.34,10,3.6,"177km ENE of Fayzabad, Afghanistan",3,4,159586,8,14105
2021-05-28 03:16:53 IST,36.07,70.89,170,3.7,"118km SSE of Fayzabad, Afghanistan",4,8,135294,12,530
2021-05-28 01:32:26 IST,38.84,74.71,10,2.8,"412km ENE of Fayzabad, Afghanistan",3,6,146618,5,10691
2021-05-27 23:59:05 IST,25.04,93.52,12,2.7,"48km WNW of Imphal, Manipur, India",0,2,108596,7,3426
2021-05-27 20:34:07 IST,26.54,99.5,10,4,"312km ESE of Changlang, Arunachal Pradesh, India",0,4,53192,10,2853
2021-05-27 18:36:09 IST,34.55,99.06,30,4.8,"791km NNE of Changlang, Arunachal Pradesh, India",3,0,59517,13,12014
2021-05-27 14:24:47 IST,30.66,67.02,100,4.4,"479km SSW of Kabul , Afghanistan",1,6,115994,11,6286
2021-05-27 06:08:38 IST,30.76,65.94,117,4.4,"521km SW of Kabul , Afghanistan",2,0,147138,10,13753
2021-05-26 13:11:23 IST,26.85,88.72,5,3.8,"35km ENE of Siliguri, West Bengal, India",3,7,239295,9,684
2021-05-26 12:24:40 IST,29.33,87,10,3.6,"242km NE of Kathmandu, Nepal",5,9,149091,17,12042
2021-05-26 12:13:31 IST,29.54,86.43,10,3.9,"229km NNE of Kathmandu, Nepal",2,7,41478,4,2095
2021-05-26 02:16:12 IST,28.99,86.46,150,4.5,"180km NE of Kathmandu, Nepal",3,2,61636,14,2689
2021-05-26 00:53:08 IST,23.55,94.58,90,4.3,"128km E of Champhai, Mizoram, India",2,4,213925,13,7186
2021-05-26 00:20:35 IST,25.36,94.11,30,2.6,"35km S of Kohima, Nagaland, India",0,8,89280,6,5964
2021-05-25 04:30:23 IST,34.9,97.83,10,4.5,"789km NNE of Pangin, Arunachal Pradesh, India",0,5,102375,11,7318
2021-05-24 20:35:23 IST,4.24,95.16,52,4.6,"337km SSE of Campbell Bay, Andaman and Nicobar island, India",1,5,51979,10,14103
2021-05-24 19:45:41 IST,33.93,97.17,81,4.3,"668km NNE of Pangin, Arunachal Pradesh, India",1,6,178255,11,9877
2021-05-24 00:31:45 IST,30.94,79.44,22,4.3,"44km NNW of Joshimath, Uttarakhand , India",3,2,125016,7,4390
2021-05-23 13:06:16 IST,37.31,70.51,14,3.3,"23km N of Fayzabad, Afghanistan",1,4,61269,14,2634
2021-05-23 09:16:53 IST,17.36,73.84,5,3.3,"84km NNW of Kolhapur, Maharashtra, India",0,7,50308,11,6329
2021-05-23 07:26:53 IST,37.31,72.32,349,4.1,"158km E of Fayzabad, Afghanistan",1,3,115360,9,6802
2021-05-23 06:56:42 IST,24.79,94.94,109,4.3,"49km ESE of Ukhrul, Manipur, India",1,6,102210,11,9039
2021-05-23 00:56:15 IST,35.27,73.57,5,3.5,"154km NNW of Gulmarg, Jammu and Kashmir, India",0,2,141605,8,4026
2021-05-22 21:10:00 IST,27.73,92.58,10,2.8,"71km ENE of Tawang, Arunachal Pradesh, India",1,8,127348,11,11524
2021-05-22 17:44:52 IST,25.59,99.08,10,4.3,"340km SE of Changlang, Arunachal Pradesh, India",2,10,86775,11,1521
2021-05-22 15:09:38 IST,34.77,97.39,10,4.5,"763km NNE of Pangin, Arunachal Pradesh, India",0,5,72809,11,8428
2021-05-22 13:29:03 IST,33.15,75.92,10,3.3,"93km ENE of Katra, Jammu and Kashmir, India",2,4,92002,11,9371
2021-05-22 12:36:33 IST,34.1,97.8,10,4.5,"704km NNE of Pangin, Arunachal Pradesh, India",2,4,72465,8,3142
2021-05-22 09:33:40 IST,35.47,99.56,34,4.2,"902km NNE of Changlang, Arunachal Pradesh, India",3,8,93490,10,12398
2021-05-22 08:51:19 IST,34.78,97.96,12,4.6,"780km NNE of Pangin, Arunachal Pradesh, India",1,9,100822,11,9250
2021-05-22 08:37:47 IST,34.57,76.64,40,3.6,"46km E of Kargil, Laddakh, India",2,7,55103,5,9703
2021-05-22 08:08:49 IST,34.53,98.43,10,5,"770km NNE of Pangin, Arunachal Pradesh, India",2,7,131533,7,7491
2021-05-22 07:59:33 IST,35.02,97.6,10,4.7,"795km NNE of Pangin, Arunachal Pradesh, India",3,3,81478,11,13648
2021-05-22 07:18:16 IST,25.78,99.01,10,4.1,"320km SE of Changlang, Arunachal Pradesh, India",1,8,57905,10,10424
2021-05-22 06:08:33 IST,19.72,95.56,16,4.1,"184km SSW of Ywangan, Myanmar",2,7,82419,8,5758
2021-05-22 03:29:37 IST,34.56,98.28,10,4.7,"768km NNE of Pangin, Arunachal Pradesh, India",1,2,112112,7,3617
2021-05-22 01:34:33 IST,34.66,98.19,10,4.5,"775km NNE of Pangin, Arunachal Pradesh, India",0,5,104151,9,1112
2021-05-22 01:19:15 IST,34.64,97.94,10,4.5,"765km NNE of Pangin, Arunachal Pradesh, India",1,7,121105,10,2522
2021-05-22 00:33:09 IST,34.49,98.94,10,4.8,"781km NNE of Changlang, Arunachal Pradesh, India",1,6,144917,13,14890
2021-05-21 23:34:14 IST,34.65,98.06,10,7,"770km NNE of Pangin, Arunachal Pradesh, India",5,1,165247,13,6131
2021-05-21 23:21:00 IST,26.26,96.94,10,2.9,"167km S of Changlang, Arunachal Pradesh, India",3,3,114274,11,13485
2021-05-21 23:06:20 IST,25.77,99.16,10,4,"332km SE of Changlang, Arunachal Pradesh, India",0,4,46529,15,2600
2021-05-21 20:54:00 IST,26.06,98.46,30,4.3,"259km SE of Changlang, Arunachal Pradesh, India",1,4,86544,11,6409
2021-05-21 20:01:22 IST,25.88,99.35,10,5,"339km SE of Changlang, Arunachal Pradesh, India",2,3,49784,9,14409
2021-05-21 19:18:41 IST,25.67,99.96,100,5.8,"402km SE of Changlang, Arunachal Pradesh, India",3,7,184842,6,1412
2021-05-21 11:02:32 IST,35.29,77.98,90,4.2,"131km NNE of Leh, Laddakh, India",1,9,199370,12,8930
2021-05-20 15:05:20 IST,32.83,76.13,10,3.2,"70km NNW of Dharamshala, Himachal Pradesh, India",1,4,132515,13,13791
2021-05-20 13:39:21 IST,37.06,71.61,84,4,"94km E of Fayzabad, Afghanistan",1,3,142922,14,14247
2021-05-19 22:24:30 IST,28.26,84.59,10,4.4,"94km NW of Kathmandu, Nepal",1,4,112547,12,12697
2021-05-19 21:08:56 IST,28.3,84.61,10,3.9,"95km NW of Kathmandu, Nepal",3,4,118302,14,12846
2021-05-19 17:55:49 IST,26.22,91.47,30,3.2,"27km WNW of Guwahati, Assam, India",4,6,20127,13,9800
2021-05-19 14:49:30 IST,34.05,70.5,180,4.5,"131km ESE of Kabul , Afghanistan",1,3,96303,11,3345
2021-05-19 14:34:18 IST,33.04,75.92,5,3.2,"92km E of Katra, Jammu and Kashmir, India",3,10,55942,11,10973
2021-05-19 12:06:53 IST,28.72,77.03,5,1.9,"20km NW of New Delhi, India",2,5,114067,15,14676
2021-05-19 08:11:39 IST,28.2,84.42,10,4.9,"103km WNW of Kathmandu, Nepal",2,5,97019,7,7912
2021-05-19 05:28:56 IST,28.24,84.36,10,5.3,"111km WNW of Kathmandu, Nepal",0,3,197341,6,3947
2021-05-18 17:33:00 IST,26.72,92.45,19,3.8,"34km WNW of Tezpur, Assam, India",2,2,145831,14,8623
2021-05-18 16:23:28 IST,37.34,76.88,10,4.2,"317km N of Kargil, Laddakh, India",1,7,114225,10,10374
2021-05-18 04:24:46 IST,15.46,93.37,34,4.1,"247km N of Diglipur, Andaman and Nicobar island, India",1,5,86653,7,3163
2021-05-17 10:07:39 IST,30.92,91.88,165,4.2,"371km N of Tawang, Arunachal Pradesh, India",1,4,183801,5,10801
2021-05-17 09:41:55 IST,36.02,71.67,175,4.3,"156km SE of Fayzabad, Afghanistan",0,6,98502,13,8832
2021-05-17 07:07:03 IST,37.22,72.18,115,4,"145km E of Fayzabad, Afghanistan",3,5,116583,10,9204
2021-05-17 03:37:18 IST,20.68,71.02,10,3.8,"182km S of Rajkot, Gujarat, India",4,4,102112,17,4624
2021-05-16 20:12:19 IST,26.06,92.6,5,2.5,"68km SSW of Tezpur, Assam, India",4,7,79792,10,2371
2021-05-16 01:25:29 IST,27.21,92.34,22,2.6,"61km SE of Tawang, Arunachal Pradesh, India",2,4,101825,9,9370
2021-05-15 08:33:55 IST,26.74,92.39,16,3.9,"41km WNW of Tezpur, Assam, India",0,2,1901,12,8814
2021-05-15 05:09:53 IST,26.28,95.26,81,4.2,"74km E of Mokokchung, Nagaland, India",3,3,22614,10,5103
2021-05-15 01:02:35 IST,22.85,93.75,30,3.1,"80km SSE of Champhai, Mizoram, India",2,8,117481,9,4473
2021-05-14 22:12:03 IST,24.99,95.03,101,4.3,"55km E of Ukhrul, Manipur, India",1,5,178409,8,5241
2021-05-14 15:24:05 IST,39.57,73.03,10,4.7,"349km NE of Fayzabad, Afghanistan",2,6,117411,6,7373
2021-05-14 12:03:09 IST,0.14,96.75,10,6.6,"642km WSW of Kuala Lumpur, Malaysia",3,2,63981,10,14623
2021-05-14 06:32:21 IST,36.49,69.45,147,4.7,"119km SW of Fayzabad, Afghanistan",2,3,27857,8,11465
2021-05-13 14:05:31 IST,36.77,86.62,10,4.8,"833km NE of Hanley, Jammu & Kashmir, India",2,3,139226,14,12783
2021-05-13 09:15:00 IST,23.519,92.614,10,3.3,"25km SSW of Aizawal,Mizoram,India",4,7,71640,7,7609
2021-05-13 02:05:16 IST,25.93,92.84,10,2.6,"80km S of Tezpur, Assam, India",0,5,132161,13,7915
2021-05-12 20:57:45 IST,25.59,92.43,20,2.3,"53km E of Shillong, Meghalaya, India",3,2,119493,12,3104
2021-05-12 19:10:44 IST,36.79,71.58,82,3.9,"97km ESE of Fayzabad, Afghanistan",5,2,123915,12,10829
2021-05-12 00:27:38 IST,26.73,92.36,16,3.1,"43km W of Tezpur, Assam, India",1,7,101680,2,6352
2021-05-10 21:37:09 IST,34.51,74.16,10,3.1,"55km NNW of Gulmarg, Jammu and Kashmir, India",1,8,119182,6,11149
2021-05-10 13:34:23 IST,36.45,71.06,174,4.3,"85km SSE of Fayzabad, Afghanistan",3,4,94027,8,6165
2021-05-10 07:05:52 IST,26.49,92.46,23,3,"37km WSW of Tezpur, Assam, India",1,4,68234,10,1672
2021-05-10 03:49:00 IST,32.32,76.86,5,2.4,"32km WNW of Manali, Himachal Pradesh, India",1,4,51825,12,2637
2021-05-10 02:01:56 IST,27.76,92.86,10,2.4,"99km ENE of Tawang, Arunachal Pradesh, India",2,3,-19250,8,12182
2021-05-10 00:11:26 IST,26.69,92.42,23,3.7,"37km W of Tezpur, Assam, India",2,4,90944,13,3916
2021-05-09 23:58:06 IST,26.68,92.39,18,2.9,"40km W of Tezpur, Assam, India",3,6,175968,6,4002
2021-05-09 09:03:26 IST,22.46,92.8,28,3.7,"91km S of Thenzawl, Mizoram, India",1,5,136504,8,13944
2021-05-09 07:23:37 IST,37.25,71.94,108,4.4,"124km E of Fayzabad, Afghanistan",3,5,111385,7,9881
2021-05-09 05:19:57 IST,36.32,71.22,25,3.6,"105km SE of Fayzabad, Afghanistan",2,3,63299,9,1758
2021-05-09 02:54:43 IST,33.05,75.99,5,2.7,"97km NNW of Dharamshala, Himachal Pradesh, India",2,6,149866,7,2196
2021-05-08 18:50:14 IST,25.63,91.95,13,3.1,"8km NE of Shillong, Meghalaya, India",6,4,94034,11,4121
2021-05-08 13:57:44 IST,17.46,74.51,10,2.7,"88km NNE of Kolhapur, Maharashtra, India",3,2,178746,6,8930
2021-05-08 13:54:56 IST,17.36,73.84,10,2.5,"84km NNW of Kolhapur, Maharashtra, India",3,5,50945,10,11304
2021-05-08 10:26:41 IST,29.77,80.58,9,3.2,"40km ENE of Pithoragarh, Uttarakhand, India",2,7,62501,7,4153
2021-05-08 10:26:18 IST,31.52,68.67,113,4.5,"341km S of Kabul , Afghanistan",4,8,57636,7,13066
2021-05-08 10:24:18 IST,25.18,93.6,154,3.8,"52km NW of Imphal, Manipur, India",0,0,25894,10,1682
2021-05-08 08:09:50 IST,32.98,76.08,10,3,"87km NNW of Dharamshala, Himachal Pradesh, India",2,5,53147,13,3153
2021-05-08 01:09:55 IST,26.32,91.44,28,2.9,"35km WNW of Guwahati, Assam, India",1,4,105160,8,14558
2021-05-07 22:46:41 IST,27.25,88.68,10,3.1,"11km SE of Gangtok, Sikkim",3,6,64389,8,2064
2021-05-07 19:33:18 IST,26.75,92.42,10,2.8,"38km WNW of Tezpur, Assam, India",2,4,-92818,10,13327
2021-05-07 16:51:17 IST,36.45,70.99,180,4.2,"82km SSE of Fayzabad, Afghanistan",1,7,153713,15,10573
2021-05-07 14:55:27 IST,37.22,70.02,238,4.3,"48km WNW of Fayzabad, Afghanistan",1,2,15795,8,1142
2021-05-07 13:46:46 IST,36.26,71.31,210,4.2,"115km SE of Fayzabad, Afghanistan",3,3,129461,11,7281
2021-05-07 13:41:06 IST,38.48,75.04,50,4.3,"423km ENE of Fayzabad, Afghanistan",1,3,101560,11,7808
2021-05-07 10:05:41 IST,34.89,73.62,50,3.7,"116km NW of Gulmarg, Jammu and Kashmir, India",1,5,205868,9,13985
2021-05-07 06:58:23 IST,22.96,95.07,74,3.6,"147km NW of Burma, Myanmar",2,6,149847,10,6345
2021-05-07 06:13:10 IST,26.33,92.34,68,2.8,"57km SW of Tezpur, Assam, India",0,9,74769,9,6729
2021-05-07 00:41:36 IST,22.41,78.95,30,3,"53km E of Pachmarhi, Madhya Pradesh, India",3,6,64896,11,1731
2021-05-07 00:19:36 IST,27.01,92.46,17,2.9,"51km NW of Tezpur, Assam, India",3,7,175136,11,9605
2021-05-06 18:30:19 IST,36.41,71.11,156,4.2,"91km SE of Fayzabad, Afghanistan",1,2,26206,3,3202
2021-05-06 10:30:16 IST,26.55,92.39,10,3.6,"41km WSW of Tezpur, Assam, India",2,2,109543,9,1209
2021-05-06 08:31:58 IST,25.88,92.24,10,2.9,"40km E of Nongpoh, Meghalaya, India",3,8,93443,15,14953
2021-05-05 19:22:12 IST,26.68,92.39,27,3.5,"40km W of Tezpur, Assam, India",2,8,82838,12,4080
2021-05-05 12:49:51 IST,25.13,94.87,50,3.9,"45km ENE of Ukhrul, Manipur, India",3,8,117675,8,2158
2021-05-05 05:48:50 IST,27.39,92.38,10,3.2,"54km ESE of Tawang, Arunachal Pradesh, India",2,7,109477,8,10507
2021-05-05 04:01:23 IST,8.69,94.41,85,4.3,"195km NNE of Campbell Bay, Andaman and Nicobar island, India",0,6,122870,9,12334
2021-05-05 02:19:48 IST,23.79,93.92,10,3.2,"70km ENE of Champhai, Mizoram, India",1,2,106948,7,1007
2021-05-04 16:58:37 IST,36.47,71.41,120,3.9,"103km SE of Fayzabad, Afghanistan",1,7,120884,9,1625
2021-05-04 12:38:35 IST,28.52,86.5,165,4.1,"145km NE of Kathmandu, Nepal",1,6,104668,5,1398
2021-05-04 04:14:48 IST,23.43,94.11,93,3.9,"79km E of Champhai, Mizoram, India",1,5,67028,13,752
2021-05-04 03:27:15 IST,38.36,75.52,136,4.3,"426km N of Kargil, Laddakh, India",0,6,100200,6,9908
2021-05-04 00:43:56 IST,37.11,74.41,10,4.8,"324km NNW of Kargil, Laddakh, India",2,4,64280,11,8845
2021-05-04 00:09:03 IST,26.65,92.41,25,2.8,"38km W of Tezpur, Assam, India",1,4,60981,8,9958
2021-05-03 23:16:23 IST,31.71,91.84,10,3.7,"459km N of Tawang, Arunachal Pradesh, India",3,4,83192,10,7609
2021-05-03 22:05:12 IST,26.09,90.41,33,2.5,"67km NNE of Tura, Meghalaya, India",2,5,94028,8,12271
2021-05-03 21:55:01 IST,26.71,92.39,17,2.8,"40km W of Tezpur, Assam, India",2,4,101761,7,8222
2021-05-03 18:13:08 IST,26.74,92.45,10,3.7,"35km WNW of Tezpur, Assam, India",0,7,145818,12,13785
2021-05-03 16:11:29 IST,25.9,95.21,53.9,3.5,"83km ESE of Mokokchung, Nagaland, India",1,2,75076,15,7310
2021-05-03 02:19:40 IST,5.804,94.887,10,4.5,"172km SE of Campbell Bay, Andaman and Nicobar island, India",1,4,109842,7,11870
2021-05-03 01:23:39 IST,26.43,92.24,40,2.7,"59km ENE of Guwahati, Assam, India",3,1,105901,11,6140
2021-05-03 00:26:32 IST,26.87,91.94,10,2.8,"79km S of Tawang, Arunachal Pradesh, India",1,6,69568,8,6556
2021-05-02 23:02:37 IST,26.82,92.43,13,2.6,"40km WNW of Tezpur, Assam, India",2,1,103687,8,12742
2021-05-02 16:49:19 IST,25.06,65.36,25,4.2,"482km NW of Dwarka, Gujarat, India",2,6,150136,11,1659
2021-05-02 03:48:51 IST,26.71,92.4,16,2.7,"39km W of Tezpur, Assam, India",3,6,109325,9,8495
2021-05-01 20:26:58 IST,26.73,92.37,14,2.7,"42km W of Tezpur, Assam, India",4,0,111329,8,10908
2021-05-01 20:09:46 IST,26.72,92.39,15,3.3,"40km W of Tezpur, Assam, India",0,6,64733,8,11268
2021-05-01 12:57:58 IST,26.09,92.31,27,2.6,"53km ENE of Nongpoh, Meghalaya, India",2,1,198442,10,8892
2021-05-01 02:17:33 IST,18.86,96.95,75,4.4,"235km NNE of Rangoon, Myanmar",1,4,67582,14,6748
2021-05-01 01:04:27 IST,37.03,72.34,50,3.4,"159km E of Fayzabad, Afghanistan",3,6,16610,11,3948
2021-04-30 22:13:27 IST,5.64,94.44,30,4.6,"163km SSE of Campbell Bay, Andaman and Nicobar island, India",1,7,143009,12,13645
2021-04-30 19:51:07 IST,38,69.25,50,3.9,"74km SE of Dushanbe, Tajikistan",1,6,94259,10,5578
2021-04-30 19:44:08 IST,30.64,76.01,10,2.9,"74km W of Chandigarh, Chandigarh, India",2,3,84847,9,11994
2021-04-30 19:10:06 IST,24.38,94.65,34,3.6,"63km SSE of Ukhrul, Manipur, India",2,7,72722,9,523
2021-04-30 18:27:31 IST,26.59,92.39,27,3.2,"40km W of Tezpur, Assam, India",0,6,193585,13,3520
2021-04-30 16:49:28 IST,26.58,92.51,40,3.5,"29km WSW of Tezpur, Assam, India",1,5,117729,15,5216
2021-04-30 03:29:12 IST,24.87,93.59,10,2.6,"31km NNW of Bishnupur, Manipur, India",4,7,127487,15,10090
2021-04-30 02:34:04 IST,23.54,94.8,10,3.6,"148km SE of Moirang, Manipur, India",3,4,108130,9,4823
2021-04-30 02:30:33 IST,27.31,89.12,5,2.1,"50km E of Gangtok, Sikkim",0,7,113502,11,668
2021-04-30 02:18:05 IST,34.65,73.14,10,3.6,"107km N of Islamabad, Pakistan",1,1,169931,12,2649
2021-04-30 01:59:13 IST,37.22,71.68,27,3.5,"101km E of Fayzabad, Afghanistan",0,2,87457,8,3924
2021-04-30 01:36:07 IST,36.38,71.31,150,4.4,"104km SE of Fayzabad, Afghanistan",2,2,27153,7,2681
2021-04-30 01:08:23 IST,26.9,92.43,10,2.8,"45km NW of Tezpur, Assam, India",1,6,143402,9,3095
2021-04-29 21:02:08 IST,28.16,71.56,51,3.6,"172km W of Bikaner, Rajasthan, India",2,8,124835,10,11545
2021-04-29 19:14:48 IST,26.74,92.36,10,2.8,"44km WNW of Tezpur, Assam, India",4,6,105398,12,6209
2021-04-29 16:17:33 IST,26.59,92.47,26,3.3,"32km WSW of Tezpur, Assam, India",0,0,123537,9,6107
2021-04-29 15:37:47 IST,8.47,77.51,5,2.3,"63km E of Thiruvananthapuram, Kerala, India",2,10,81462,9,14500
2021-04-29 13:04:20 IST,26.61,92.33,27,3.6,"46km W of Tezpur, Assam, India",2,2,101034,9,6728
2021-04-29 11:27:44 IST,36.14,71.17,75,4.1,"120km SSE of Fayzabad, Afghanistan",1,5,93414,8,13918
2021-04-29 07:13:36 IST,26.86,93.01,30,2.8,"31km NE of Tezpur, Assam, India",0,8,70425,4,4520
2021-04-29 02:38:33 IST,26.73,92.42,11,2.7,"38km WNW of Tezpur, Assam, India",3,5,159458,9,6039
2021-04-29 01:52:26 IST,26.73,92.43,16,2.7,"37km WNW of Tezpur, Assam, India",3,4,29387,10,5974
2021-04-29 01:41:49 IST,26.78,92.4,11,2.3,"41km WNW of Tezpur, Assam, India",2,3,218044,10,8213
2021-04-29 01:20:53 IST,26.72,92.43,19,4.6,"36km W of Tezpur, Assam, India",0,7,143868,16,8784
2021-04-29 01:10:24 IST,26.71,92.4,19,2.9,"39km W of Tezpur, Assam, India",1,7,11101,6,3759
2021-04-29 00:24:02 IST,26.76,92.93,18,2.6,"18km NE of Tezpur, Assam, India",2,3,88791,11,11914
2021-04-28 23:07:54 IST,16.86,75.72,5,2.6,"158km E of Kolhapur, Maharashtra, India",5,3,91572,12,7473
2021-04-28 21:38:11 IST,26.73,92.38,15,2.8,"41km W of Tezpur, Assam, India",2,2,119594,10,155
2021-04-28 20:13:12 IST,29.97,67.88,10,3.9,"524km SSW of Kabul , Afghanistan",3,2,50531,10,8890
2021-04-28 17:39:57 IST,26.62,92.4,19,3,"39km W of Tezpur, Assam, India",2,7,101601,5,11980
2021-04-28 17:04:04 IST,32.14,76.61,5,2.7,"28km ESE of Dharamshala, Himachal Pradesh, India",2,4,93944,12,3794
2021-04-28 15:55:48 IST,26.77,92.36,10,2.9,"44km WNW of Tezpur, Assam, India",5,1,63119,10,616
2021-04-28 14:34:52 IST,26.83,92.5,10,3.4,"35km NW of Tezpur, Assam, India",4,3,56162,11,12117
2021-04-28 12:32:06 IST,26.36,92.38,23,2.9,"52km SW of Tezpur, Assam, India",2,10,145940,11,14645
2021-04-28 10:39:12 IST,26.62,92.46,10,3.4,"33km W of Tezpur, Assam, India",0,3,15170,10,1194
2021-04-28 10:05:54 IST,26.39,92.52,27,3.2,"39km SW of Tezpur, Assam, India",3,6,123893,11,14073
2021-04-28 08:44:34 IST,26.59,92.46,25,3.6,"33km WSW of Tezpur, Assam, India",2,4,139875,15,5421
2021-04-28 08:25:40 IST,26.54,92.45,26,3.6,"36km WSW of Tezpur, Assam, India",3,5,89072,6,14124
2021-04-28 08:13:21 IST,26.69,92.41,20,4,"38km W of Tezpur, Assam, India",1,3,102618,12,9750
2021-04-28 08:03:01 IST,26.74,92.42,15,4.7,"38km WNW of Tezpur, Assam, India",1,7,158174,8,13359
2021-04-28 07:51:25 IST,26.69,92.36,17,6.4,"43km W of Tezpur, Assam, India",5,5,64757,6,11798
2021-04-27 22:32:17 IST,36.69,71.62,165,4.1,"105km ESE of Fayzabad, Afghanistan",3,2,69917,11,468
2021-04-27 19:10:43 IST,28.98,76.72,10,3,"14km NE of Rohtak, Haryana, India",4,6,75225,4,1028
2021-04-27 12:42:04 IST,26.81,92.73,28,2.6,"18km NNW of Tezpur, Assam, India",2,3,158266,10,7909
2021-04-27 10:47:13 IST,36.31,75.67,158,4.5,"199km NNW of Kargil, Laddakh, India",1,2,164614,7,1987
2021-04-27 10:39:11 IST,25.43,91.9,5,3,"16km S of Shillong, Meghalaya, India",1,7,30205,5,6942
2021-04-26 01:35:25 IST,37.84,73.23,150,4.8,"250km ENE of Fayzabad, Afghanistan",0,6,150312,12,14321
2021-04-25 10:18:44 IST,36.68,70.99,200,3.9,"60km SE of Fayzabad, Afghanistan",0,3,140945,7,4456
2021-04-25 09:11:35 IST,38.33,74.21,125,4,"349km ENE of Fayzabad, Afghanistan",3,5,177679,8,7359
2021-04-25 05:23:39 IST,32.76,76.2,5,2.2,"61km N of Dharamshala, Himachal Pradesh, India",3,7,119255,10,5794
2021-04-24 22:27:06 IST,36.48,69.41,56,4.4,"122km SW of Fayzabad, Afghanistan",4,4,97786,10,9465
2021-04-24 20:15:06 IST,36.51,71.62,120,3.9,"115km SE of Fayzabad, Afghanistan",2,4,157260,9,2947
2021-04-24 00:53:23 IST,28.53,94.56,10,2.8,"62km NNW of Basar, Arunachal Pradesh, India",4,3,134945,4,3936
2021-04-23 13:20:34 IST,36.46,70.98,190,4.7,"80km SSE of Fayzabad, Afghanistan",1,6,212244,11,12888
2021-04-23 02:38:55 IST,37.71,69.52,90,4.4,"113km NW of Fayzabad, Afghanistan",2,4,147935,11,12179
2021-04-22 08:38:57 IST,30.63,87.32,10,3.8,"355km NNW of Lachung, Sikkim, India",0,5,107677,7,11848
2021-04-22 05:55:45 IST,31.36,76.82,10,2.7,"27km SSW of Mandi, Himachal Pradesh, India",5,7,41294,13,11575
2021-04-22 05:54:21 IST,31.37,76.58,8,2.9,"40km SW of Mandi, Himachal Pradesh, India",2,4,70954,7,6918
2021-04-22 04:56:36 IST,36.73,68.38,10,3.7,"197km WSW of Fayzabad, Afghanistan",2,3,28202,12,10946
2021-04-22 04:06:01 IST,37.7,76.11,10,3.6,"349km N of Kargil, Laddakh, India",3,1,89246,14,5838
2021-04-22 01:04:56 IST,11.55,93.62,35,4.3,"97km E of Portblair, Andaman and Nicobar island, India",2,5,146303,8,1555
2021-04-21 18:58:31 IST,29.78,89.61,170,4.3,"247km NNE of Lachung, Sikkim, India",6,8,99816,12,5930
2021-04-20 15:33:43 IST,17.42,73.79,5,2.8,"93km NNW of Kolhapur, Maharashtra, India",2,5,151086,10,2422
2021-04-20 15:21:57 IST,17.4,73.78,5,2.9,"91km NNW of Kolhapur, Maharashtra, India",2,5,116878,10,5893
2021-04-20 05:28:27 IST,0.2,96.62,47,6,"651km WSW of Kuala Lumpur, Malaysia",2,3,79845,10,4496
2021-04-19 18:26:02 IST,36.53,71.26,225,4.3,"89km SE of Fayzabad, Afghanistan",3,3,104381,9,9007
2021-04-19 17:42:39 IST,28.78,89.34,75,4.3,"134km NNE of Lachung, Sikkim, India",3,6,123604,13,5455
2021-04-19 11:17:58 IST,25.9,90.29,10,2.9,"43km N of Tura, Meghalaya, India",3,5,106961,5,10598
2021-04-19 10:37:51 IST,36.32,69.21,10,4.1,"147km SW of Fayzabad, Afghanistan",6,7,107534,8,7706
2021-04-19 01:53:51 IST,25.74,95.28,89,4.3,"100km SE of Mokokchung, Nagaland, India",1,6,61547,11,13796
2021-04-18 18:54:33 IST,22.48,94.08,10,4.8,"133km SE of Champhai, Mizoram, India",2,8,78351,6,1410
2021-04-17 20:38:01 IST,28.08,93.04,10,2.6,"123km NNW of Itanagar, Arunachal Pradesh, India",1,8,212923,13,10331
2021-04-17 17:39:01 IST,37.21,72.27,10,3.9,"152km E of Fayzabad, Afghanistan",2,8,161423,11,10102
2021-04-17 16:08:18 IST,37.96,72.68,70,4.2,"210km ENE of Fayzabad, Afghanistan",3,9,26307,8,14261
2021-04-17 15:45:06 IST,20.73,76.83,16,3,"19km W of Akola,Maharashtra,India",3,5,-18348,10,5604
2021-04-17 08:54:40 IST,32.3,98.83,10,4.6,"548km NNE of Changlang, Arunachal Pradesh, India",2,3,103809,9,4616
2021-04-17 00:20:51 IST,32.35,78.7,10,3.6,"44km SW of Hanley, Jammu & Kashmir, India",1,4,144673,9,2627
2021-04-16 19:23:18 IST,37.32,72.44,10,3.6,"169km E of Fayzabad, Afghanistan",4,5,74002,10,4016
2021-04-16 06:05:56 IST,30.01,79.6,10,2.5,"60km S of Joshimath, Uttarakhand , India",1,6,151082,11,7553
2021-04-16 03:56:28 IST,32.43,78.82,100,4.4,"31km SSW of Hanley, Jammu & Kashmir, India",2,7,102982,5,12573
2021-04-16 03:17:09 IST,32.31,76.39,10,2.9,"11km NNE of Dharamshala, Himachal Pradesh, India",2,4,91846,9,4300
2021-04-16 03:03:30 IST,32.28,76.29,10,3.5,"7km NNW of Dharamshala, Himachal Pradesh, India",2,6,137805,14,2408
2021-04-15 16:19:22 IST,28.81,76.79,10,2.4,"20km ESE of Rohtak, Haryana, India",0,13,73406,6,4118
2021-04-15 04:00:01 IST,19.28,83.38,10,3.2,"145km E of Jagdalpur, Chhattisgarh, India",4,3,85664,15,1558
2021-04-15 02:00:21 IST,36.5,70.42,10,3.4,"67km S of Fayzabad, Afghanistan",1,7,133508,8,13904
2021-04-15 01:19:01 IST,36.23,71.19,19,4.1,"112km SSE of Fayzabad, Afghanistan",0,7,98430,6,13095
2021-04-15 00:09:24 IST,23.32,94.1,30,3.1,"80km E of Champhai, Mizoram, India",2,2,195438,17,4661
2021-04-14 21:00:48 IST,34.19,76.63,5,3.6,"51km W of Alchi(Leh),Jammu & Kashmir,India",2,5,134691,7,3742
2021-04-14 16:25:18 IST,0.12,96.68,30,5.3,"649km WSW of Kuala Lumpur, Malaysia",3,2,131440,14,13585
2021-04-14 15:14:37 IST,36.27,70.55,170,4.4,"92km S of Fayzabad, Afghanistan",2,4,97524,14,76
2021-04-14 12:54:51 IST,36.57,71.52,176,4.3,"104km SE of Fayzabad, Afghanistan",0,3,143737,11,9028
2021-04-14 04:34:57 IST,26.24,92.82,10,2.8,"46km S of Tezpur, Assam, India",2,3,83869,9,13744
2021-04-14 02:09:37 IST,32.63,75.98,14,2.8,"55km NW of Dharamshala, Himachal Pradesh, India",2,1,114118,8,7652
2021-04-13 23:03:10 IST,22.75,94.56,10,3.6,"148km ESE of Champhai, Mizoram, India",3,7,54185,7,94
2021-04-13 16:14:25 IST,30.3,70.49,10,3.9,"373km NW of Bikaner, Rajasthan, India",2,4,151972,8,3322
2021-04-13 15:37:42 IST,36.65,71.56,10,3.4,"102km ESE of Fayzabad, Afghanistan",2,9,114530,12,13840
2021-04-13 15:02:48 IST,39.91,72.49,30,3.6,"314km ESE of Tashkent, Uzbekistan",0,4,199125,6,304
2021-04-13 14:58:52 IST,36.52,70.04,225,4,"78km SW of Fayzabad, Afghanistan",3,6,219614,14,5951
2021-04-13 11:12:47 IST,36.5,70.76,200,4.9,"69km SSE of Fayzabad, Afghanistan",3,3,138165,9,11856
2021-04-13 09:58:07 IST,36.1,68.05,80,4.2,"201km NNW of Kabul , Afghanistan",4,8,103421,8,12579
2021-04-13 02:40:29 IST,29.46,89.53,187,3.6,"211km NNE of Lachung, Sikkim, India",0,6,52696,7,7190
2021-04-12 21:01:30 IST,27.61,92.71,10,3.6,"82km E of Tawang, Arunachal Pradesh, India",4,5,145237,13,3525
2021-04-12 03:17:29 IST,29.6,89.6,150,3.8,"228km NNE of Lachung, Sikkim, India",0,3,110514,9,9015
2021-04-11 20:41:27 IST,12.33,78.72,30,3,"79km SW of Vellore, Tamil Nadu, India",2,11,126901,14,3993
2021-04-11 12:53:59 IST,23.28,81.73,10,3.9,"139km NNW of Bilaspur, Chhattisgarh, India",1,7,186489,14,3866
2021-04-11 04:05:20 IST,36.72,71.65,10,3.8,"106km ESE of Fayzabad, Afghanistan",2,6,58778,10,12123
2021-04-11 03:19:41 IST,28.28,67.01,10,4.2,"618km W of Bikaner, Rajasthan, India",2,6,53784,14,2356
2021-04-10 23:51:51 IST,31.53,90.42,10,4.3,"456km NNE of Lachung, Sikkim, India",0,6,88178,9,132
2021-04-10 23:10:04 IST,39.31,77,12,3.1,"445km SSE of Bishkek, Kyrgyzstan",2,6,141060,5,5084
2021-04-10 20:48:21 IST,28.1,66.47,10,4.3,"671km W of Bikaner, Rajasthan, India",4,5,127743,12,7390
2021-04-09 01:34:19 IST,36.16,70.49,27,3.8,"104km S of Fayzabad, Afghanistan",1,8,55215,8,10590
2021-04-08 18:23:41 IST,30.82,71.24,23,4,"357km WSW of Amritsar, Punjab, India",2,6,137827,5,11727
2021-04-08 00:56:39 IST,37.62,72.91,100,3.8,"216km ENE of Fayzabad, Afghanistan",3,8,39939,8,9969
2021-04-07 17:59:35 IST,35.36,72.54,10,4.2,"192km NNW of Islamabad, Pakistan",0,13,58112,9,9416
2021-04-07 03:25:44 IST,32.28,93.26,10,4.3,"497km NNW of Basar, Arunachal Pradesh, India",2,4,94227,10,10002
2021-04-07 03:18:36 IST,31.99,92.84,10,4.8,"480km NNW of Basar, Arunachal Pradesh, India",1,1,72328,7,4109
2021-04-07 02:03:27 IST,31.28,93.02,10,3.8,"400km NNW of Basar, Arunachal Pradesh, India",0,4,144492,6,5766
2021-04-06 23:16:03 IST,37.56,66.59,10,4.3,"222km WSW of Dushanbe, Tajikistan",1,2,114318,11,9265
2021-04-06 14:31:19 IST,26.95,89.33,10,3.9,"65km SSW of Thimphu, Bhutan",3,7,188278,10,1030
2021-04-06 10:44:35 IST,26.28,88.68,5,3.7,"57km SSE of Siliguri, West Bengal, India",1,4,87640,3,4465
2021-04-06 07:33:55 IST,21.61,94.52,10,3.6,"151km WSW of Burma, Myanmar",2,5,93889,10,6125
2021-04-06 07:07:02 IST,26.72,89.04,10,4.1,"64km E of Siliguri, West Bengal, India",1,8,160519,11,8024
2021-04-06 03:42:16 IST,27.55,95.54,39,2.7,"62km E of Dibrugarh, Assam, India",5,6,95453,11,7322
2021-04-05 20:49:58 IST,27.23,88.84,10,5.1,"25km ESE of Gangtok, Sikkim",1,5,174700,10,10786
2021-04-05 03:39:13 IST,32.69,76.59,5,2.8,"58km NNE of Dharamshala, Himachal Pradesh, India",4,2,127041,8,7127
2021-04-05 02:01:55 IST,32.63,76.32,14,2.4,"45km N of Dharamshala, Himachal Pradesh, India",2,6,-17639,14,13566
2021-04-05 01:39:51 IST,36.66,76.17,10,4.4,"234km N of Kargil, Laddakh, India",0,5,158878,8,5735
2021-04-04 22:38:31 IST,26.57,93.89,24,2.9,"36km WSW of Jorhat, Assam, India",1,6,145636,7,7904
2021-04-04 11:46:28 IST,35.97,69.73,60,4.2,"145km SSW of Fayzabad, Afghanistan",3,3,147566,6,97
2021-04-04 10:25:41 IST,37.45,73.28,90,4.7,"244km E of Fayzabad, Afghanistan",2,6,4451,8,4691
2021-04-03 10:37:47 IST,35.93,66.16,10,4.1,"316km WNW of Kabul , Afghanistan",3,6,66850,9,13005
2021-04-03 02:40:00 IST,27.62,92.65,5,2.2,"76km E of Tawang, Arunachal Pradesh, India",3,4,70564,8,5036
2021-04-03 00:10:20 IST,32.68,76.48,10,3,"53km NNE of Dharamshala, Himachal Pradesh, India",1,7,57943,6,3835
2021-04-02 14:28:42 IST,34.12,87.81,100,4.3,"720km N of Lachung, Sikkim, India",0,4,187096,7,8175
2021-04-02 00:21:47 IST,23.87,92.92,28,3.8,"25km NE of Aizawl, Mizoram, India",1,0,99411,9,1227
2021-04-01 22:21:10 IST,36.66,71.48,11,4.1,"96km ESE of Fayzabad, Afghanistan",4,9,98171,10,7997
2021-04-01 17:35:02 IST,37.36,71.17,90,4.5,"62km ENE of Fayzabad, Afghanistan",2,1,127600,11,4589
2021-04-01 00:02:54 IST,39.21,72.65,135,4.3,"297km NE of Fayzabad, Afghanistan",4,6,128465,10,5777
2021-03-31 22:41:22 IST,28.82,76.72,10,2.4,"13km SE of Rohtak, Haryana, India",3,4,-66744,10,11880
2021-03-30 21:40:24 IST,37.36,72.21,150,4.2,"149km ENE of Fayzabad, Afghanistan",2,5,67682,10,9946
2021-03-30 10:03:40 IST,25.7,91.39,5,2.8,"48km WSW of Nongpoh, Meghalaya, India",3,6,29360,12,6719
2021-03-30 04:19:58 IST,34.93,73.63,10,3.4,"119km NW of Gulmarg, Jammu and Kashmir, India",2,8,120015,11,8683
2021-03-30 04:03:50 IST,34.86,73.42,10,3.5,"126km NW of Gulmarg, Jammu and Kashmir, India",2,4,85555,9,11514
2021-03-30 01:06:26 IST,34.41,76.08,10,3.1,"16km SSW of Kargil, Laddakh, India",2,5,100769,1,11199
2021-03-30 00:19:02 IST,27.99,87.55,10,3.6,"95km NW of Yuksom, Sikkim, India",3,10,-3925,7,2820
2021-03-29 22:57:24 IST,34.47,87.69,10,5.6,"760km N of Lachung, Sikkim, India",1,5,84507,14,4548
2021-03-29 18:52:33 IST,25.56,91.91,10,3.2,"2km SE of Shillong, Meghalaya, India",2,7,155756,7,5256
2021-03-29 16:15:16 IST,26.24,95.48,100,3.9,"96km E of Mokokchung, Nagaland, India",3,6,170472,2,2853
2021-03-29 13:54:21 IST,7.71,91.3,10,4.1,"297km WNW of Campbell Bay, Andaman and Nicobar island, India",2,4,135943,13,231
2021-03-29 05:41:40 IST,36.18,77.38,10,4.1,"213km NNE of Kargil, Laddakh, India",0,3,33226,10,2650
2021-03-28 23:23:23 IST,27.57,92.69,10,2.6,"80km E of Tawang, Arunachal Pradesh, India",1,5,162970,10,12133
2021-03-28 18:17:14 IST,27.78,64.67,30,4.4,"752km NW of Dwarka, Gujarat, India",2,4,136200,6,8211
2021-03-28 12:43:29 IST,31.96,92.97,40,3.8,"472km NNW of Basar, Arunachal Pradesh, India",2,4,94140,7,5157
2021-03-28 03:27:52 IST,27.36,92.63,6,2.8,"78km ESE of Tawang, Arunachal Pradesh, India",1,5,-1251,11,9144
2021-03-27 22:54:17 IST,35.56,89.32,63,4.1,"876km N of Lachung, Sikkim, India",0,2,147679,8,11110
2021-03-27 00:32:08 IST,27.55,92.66,10,5,"77km E of Tawang, Arunachal Pradesh, India",5,7,70391,14,5348
2021-03-27 00:30:42 IST,36.27,70.58,180,3.7,"92km S of Fayzabad, Afghanistan",2,3,117308,7,7017
2021-03-26 21:55:12 IST,32.47,93.54,200,4,"509km NNW of Pangin, Arunachal Pradesh, India",1,5,103419,13,1009
2021-03-26 16:07:17 IST,36.51,71.04,150,4.5,"78km SE of Fayzabad, Afghanistan",2,6,176919,11,8976
2021-03-26 05:48:37 IST,35.37,91.17,50,4.3,"869km N of Tawang, Arunachal Pradesh, India",0,8,93731,4,5378
2021-03-25 18:27:21 IST,31.2,84.09,150,4.2,"405km NNW of Kathmandu, Nepal",2,5,99244,9,6531
2021-03-25 17:07:22 IST,34.58,76.84,30,3.5,"51km NW of Alchi(Leh),Jammu & Kashmir,India",1,3,178930,11,6367
2021-03-25 16:36:15 IST,19.18,73.95,8,2.4,"74km N of Pune, Maharashtra, India",3,3,67088,9,9504
2021-03-25 03:53:00 IST,36.86,75.99,10,3.7,"256km N of Kargil, Laddakh, India",4,5,140716,9,8608
2021-03-25 01:40:56 IST,36.58,71.44,10,3.8,"98km SE of Fayzabad, Afghanistan",2,7,90069,9,6360
2021-03-25 01:29:27 IST,37.46,72.95,30,3.6,"216km ENE of Fayzabad, Afghanistan",0,5,49872,7,303
2021-03-24 01:06:14 IST,36.77,71.71,13,4.4,"109km ESE of Fayzabad, Afghanistan",2,5,100058,14,9333
2021-03-24 00:27:36 IST,24.14,93.88,40,2.8,"41km SSE of Moirang, Manipur, India",2,10,134585,10,13199
2021-03-24 00:26:44 IST,36.41,68.01,10,4.1,"233km NNW of Kabul , Afghanistan",3,2,167685,11,11554
2021-03-23 23:42:44 IST,34.81,70.68,10,3.8,"137km ENE of Kabul , Afghanistan",5,6,173734,11,14725
2021-03-23 11:27:04 IST,33.64,76.28,10,3,"98km ESE of Pahalgam, Jammu and Kashmir, India",2,7,85261,9,2129
2021-03-23 04:25:30 IST,20.17,94.26,10,3.8,"252km WSW of Ywangan, Myanmar",3,4,50637,11,3376
2021-03-22 23:28:09 IST,25.24,95.02,10,3.3,"61km ENE of Shirui, Manipur, India",3,11,84063,11,8112
2021-03-22 22:53:40 IST,31.9,92.79,40,4.4,"472km NNW of Basar, Arunachal Pradesh, India",2,5,40923,7,3576
2021-03-22 21:59:18 IST,26,90.48,10,2.7,"60km NNE of Tura, Meghalaya, India",5,4,89130,14,566
2021-03-22 20:21:56 IST,31.52,84.9,200,3.9,"424km N of Kathmandu, Nepal",2,1,82916,12,6064
2021-03-22 18:14:53 IST,32.739,70.177,10,4.2,"221km SSE of Kabul , Afghanistan",5,11,136374,9,4350
2021-03-21 19:50:23 IST,31.81,90.49,150,3.9,"488km NNE of Lachung, Sikkim, India",0,3,-10296,12,3993
2021-03-21 18:12:55 IST,26.64,92.45,10,3.1,"34km W of Tezpur, Assam, India",1,2,63319,7,14299
2021-03-21 17:52:41 IST,26.53,92.58,25,4.1,"25km WSW of Tezpur, Assam, India",1,7,63724,4,3614
2021-03-21 10:06:32 IST,25.85,95.08,10,4.2,"77km SE of Mokokchung, Nagaland, India",2,5,159356,6,1985
2021-03-21 06:10:10 IST,36.42,71.37,10,3.8,"105km SE of Fayzabad, Afghanistan",1,1,44307,5,1923
2021-03-21 03:29:18 IST,32.15,93.47,10,3.8,"478km NNW of Basar, Arunachal Pradesh, India",1,6,111332,11,12104
2021-03-20 23:22:17 IST,22.66,91.79,10,3.5,"73km SSE of Belonia, Tripura, India",0,4,93593,7,10736
2021-03-20 21:06:07 IST,23.01,93.12,17,3.3,"46km SE of Serchhip, Mizoram, India",3,9,152152,7,1985
2021-03-20 21:00:27 IST,34.63,83.49,42,4.7,"471km ENE of Hanley, Jammu & Kashmir, India",3,4,129791,11,3335
2021-03-20 13:13:05 IST,36.95,71.33,160,4.6,"71km ESE of Fayzabad, Afghanistan",0,9,106062,8,11222
2021-03-20 09:54:23 IST,38.34,74.11,10,3.6,"342km ENE of Fayzabad, Afghanistan",1,5,72266,5,4155
2021-03-20 07:30:37 IST,28,88.92,75,3.5,"38km NNE of Lachung, Sikkim, India",2,2,7382,5,14724
2021-03-20 02:33:12 IST,32.42,93.94,80,3.8,"492km NNW of Pangin, Arunachal Pradesh, India",5,8,112354,15,8131
2021-03-20 01:30:44 IST,32.83,73.65,10,3.6,"86km SW of Rajouri, Jammu and Kashmir",1,2,126524,11,2920
2021-03-19 23:34:19 IST,31.79,93.05,79,4.2,"452km NNW of Basar, Arunachal Pradesh, India",3,7,21256,9,12889
2021-03-19 11:41:32 IST,31.78,92.81,100,5.8,"459km NNW of Basar, Arunachal Pradesh, India",0,9,38315,7,4826
2021-03-18 17:23:49 IST,37.91,71.5,140,4.7,"123km NE of Fayzabad, Afghanistan",2,3,112616,6,4367
2021-03-18 09:50:05 IST,27.75,85.71,10,3.6,"38km E of Kathmandu, Nepal",1,3,116957,12,4945
2021-03-16 18:46:12 IST,30.08,86.39,10,4.1,"282km NNE of Kathmandu, Nepal",1,6,50467,10,11534
2021-03-16 11:15:21 IST,26.08,94.4,18,3.5,"14km E of Wokha, Nagaland, India",2,7,71296,8,2639
2021-03-15 17:34:41 IST,36.37,71.12,10,3.8,"95km SSE of Fayzabad, Afghanistan",2,2,8175,7,5757
2021-03-15 15:23:03 IST,26.91,89.21,5,3.8,"75km SSW of Thimphu, Bhutan",1,9,168863,8,510
2021-03-15 06:04:02 IST,34.99,73.48,10,3.4,"133km NW of Gulmarg, Jammu and Kashmir, India",1,5,35006,5,12408
2021-03-15 05:41:51 IST,38.13,73.52,10,3.8,"285km ENE of Fayzabad, Afghanistan",1,5,127112,9,5143
2021-03-14 05:48:40 IST,16.45,94.46,50,3.8,"187km WSW of Yangon, Myanmar",1,3,98251,9,3760
2021-03-13 18:00:32 IST,37.57,69.78,30,4.5,"85km NW of Fayzabad, Afghanistan",3,6,164479,4,8719
2021-03-13 02:21:37 IST,26.36,90.13,10,2.8,"94km N of Tura, Meghalaya, India",2,6,60387,10,10589
2021-03-12 22:42:03 IST,28.62,66.59,10,4,"661km W of Bikaner, Rajasthan, India",5,4,103062,8,12202
2021-03-12 16:14:16 IST,26.13,92.71,5,3.1,"58km S of Tezpur, Assam, India",1,6,15078,11,5249
2021-03-12 04:32:15 IST,27.4,87.98,10,3.7,"24km W of Yuksom, Sikkim, India",3,8,3073,8,12193
2021-03-11 19:58:36 IST,35.08,72.13,10,3.9,"176km NNW of Islamabad, Pakistan",2,4,129816,7,6999
2021-03-11 12:05:37 IST,23.91,94.29,20,3.1,"83km SE of Moirang, Manipur, India",3,6,10748,10,1562
2021-03-11 08:04:17 IST,22.75,94.51,50,3.3,"144km ESE of Champhai, Mizoram, India",3,4,88589,7,12702
2021-03-11 04:49:29 IST,36.35,70.85,41,4.3,"87km SSE of Fayzabad, Afghanistan",3,9,150564,11,8237
2021-03-11 03:48:10 IST,27.38,88.76,15,2.1,"15km ENE of Gangtok, Sikkim",0,5,137334,11,9056
2021-03-10 23:59:47 IST,24.1,93.38,50,2.8,"29km NE of Ngopa, Mizoram, India",3,7,66770,9,14065
2021-03-10 21:58:42 IST,26.25,95.23,80,3.2,"71km E of Mokokchung, Nagaland, India",2,2,20574,9,8409
2021-03-10 20:33:33 IST,26.38,95.98,110,3.6,"146km E of Mokokchung, Nagaland, India",1,4,125474,13,133
2021-03-10 18:53:52 IST,27.1,90.48,6,2.7,"93km ESE of Thimphu, Bhutan",2,4,167112,2,13065
2021-03-10 13:01:38 IST,22.48,95.81,10,3.8,"65km NNW of Burma, Myanmar",3,7,66888,9,4307
2021-03-10 09:47:06 IST,36.49,71.56,41,3.8,"112km SE of Fayzabad, Afghanistan",0,3,59834,8,7551
2021-03-10 08:29:10 IST,22.14,78.64,20,2.8,"42km SSE of Pachmarhi, Madhya Pradesh, India",2,4,73754,12,3113
2021-03-10 07:50:34 IST,32.7,76.62,5,3.4,"60km NNE of Dharamshala, Himachal Pradesh, India",0,3,128580,12,4489
2021-03-10 02:36:47 IST,36.34,70.8,180,4.5,"87km SSE of Fayzabad, Afghanistan",0,3,161425,12,10315
2021-03-09 23:34:58 IST,32.72,76.6,5,2.8,"61km NNE of Dharamshala, Himachal Pradesh, India",2,2,38019,10,6472
2021-03-09 23:26:38 IST,36.49,72.4,230,3.9,"178km ESE of Fayzabad, Afghanistan",1,10,25085,6,9425
2021-03-09 19:29:28 IST,27.2,92.37,10,2.8,"64km SE of Tawang, Arunachal Pradesh, India",0,3,216999,12,12362
2021-03-09 16:45:02 IST,25.36,94.74,60,4.7,"41km NE of Shirui, Manipur, India",1,2,91133,10,5145
2021-03-09 12:34:34 IST,32.64,76.5,10,3.5,"49km NNE of Dharamshala, Himachal Pradesh, India",2,6,112644,7,8546
2021-03-09 07:22:08 IST,36.12,72.16,10,4.3,"180km SE of Fayzabad, Afghanistan",3,4,65403,7,11674
2021-03-08 15:35:00 IST,25.29,94.97,97,4,"58km ENE of Shirui, Manipur, India",4,6,124498,10,10741
2021-03-08 10:38:38 IST,32.95,75.83,5,3.5,"83km E of Katra, Jammu and Kashmir, India",2,2,148003,3,8120
2021-03-08 10:20:43 IST,32.92,75.88,5,3.6,"88km NNW of Dharamshala, Himachal Pradesh, India",2,4,114989,11,5781
2021-03-07 22:41:30 IST,38.68,73.67,10,4,"325km NE of Fayzabad, Afghanistan",2,9,187042,11,6142
2021-03-07 17:59:51 IST,36.52,71.65,10,4,"117km ESE of Fayzabad, Afghanistan",0,10,83662,7,6525
2021-03-07 16:29:11 IST,33.03,73.6,10,3.8,"76km WSW of Rajouri, Jammu and Kashmir",2,5,86855,8,5265
2021-03-07 15:50:08 IST,38.98,70.17,10,3.3,"128km ENE of Dushanbe, Tajikistan",3,2,111570,10,10501
2021-03-07 14:46:58 IST,35.01,78.18,10,3.5,"110km NNE of Leh, Laddakh, India",1,3,123248,13,1924
2021-03-07 09:57:00 IST,34.04,79.37,10,3.7,"155km NNE of Hanley, Jammu & Kashmir, India",6,7,111397,10,14513
2021-03-07 04:40:34 IST,33,75.86,5,2.9,"86km E of Katra, Jammu and Kashmir, India",1,6,35779,10,11695
2021-03-07 01:56:42 IST,36.5,71.17,200,4.4,"86km SE of Fayzabad, Afghanistan",3,4,115625,10,4507
2021-03-07 00:56:49 IST,37.5,72.44,150,4.3,"173km ENE of Fayzabad, Afghanistan",1,2,81291,13,686
2021-03-06 18:31:04 IST,36.63,69.31,38,4.4,"122km WSW of Fayzabad, Afghanistan",1,7,70951,11,10683
2021-03-06 13:44:30 IST,39,72.84,10,3.4,"291km NE of Fayzabad, Afghanistan",3,6,101624,10,11028
2021-03-06 05:11:33 IST,34.53,79.04,10,3.6,"140km ENE of Leh, Laddakh, India",3,7,51923,14,14456
2021-03-06 03:22:36 IST,39.82,70.95,10,4.2,"218km SE of Tashkent, Uzbekistan",3,7,43230,11,3842
2021-03-05 19:40:55 IST,36.2,69.6,150,4.3,"131km SW of Fayzabad, Afghanistan",1,3,-30773,7,1286
2021-03-04 02:12:38 IST,36.55,70.95,217,3.8,"70km SSE of Fayzabad, Afghanistan",6,3,187361,16,13731
2021-03-03 21:18:06 IST,37.56,68.55,90,3.8,"113km S of Dushanbe, Tajikistan",0,4,127786,12,3916
2021-03-03 04:04:56 IST,37.01,71.47,82,4.2,"82km E of Fayzabad, Afghanistan",1,5,94161,8,10836
2021-03-03 01:08:28 IST,31.38,86.83,10,3.6,"432km NNE of Kathmandu, Nepal",4,2,66638,9,956
2021-03-02 22:28:13 IST,25.17,95.31,10,2.6,"87km ENE of Ukhrul, Manipur, India",0,4,-43801,13,11420
2021-03-02 21:30:09 IST,27.69,91.8,10,2.8,"14km NNW of Tawang, Arunachal Pradesh, India",5,7,63573,12,1949
2021-03-02 16:33:33 IST,36.25,71.51,110,4.3,"127km SE of Fayzabad, Afghanistan",2,5,135793,8,10449
2021-03-02 14:13:04 IST,37.47,72.43,17,3.7,"171km ENE of Fayzabad, Afghanistan",1,6,147108,15,8008
2021-03-02 07:15:38 IST,39,75.16,10,3.5,"433km S of Bishkek, Kyrgyzstan",0,4,132114,8,14334
2021-03-02 01:47:58 IST,26.78,93.05,15,2.7,"29km ENE of Tezpur, Assam, India",0,9,107919,7,601
2021-03-02 01:32:22 IST,26.41,92.29,15,2.9,"56km WSW of Tezpur, Assam, India",4,2,165193,7,4416
2021-03-01 23:51:56 IST,6.91,94.62,90,4.2,"79km E of Campbell Bay, Andaman and Nicobar island, India",2,6,83573,9,1089
2021-03-01 20:09:51 IST,24.69,93.11,25,3.7,"66km W of Bishnupur, Manipur, India",2,4,154259,13,13194
2021-03-01 09:06:08 IST,21.51,94.9,10,3.6,"117km WSW of Burma, Myanmar",1,3,80770,12,8928
2021-02-28 18:03:18 IST,28.69,87.98,20,3.9,"134km NW of Lachung, Sikkim, India",0,6,55942,15,8047
2021-02-28 01:33:51 IST,28.91,86.65,100,4.1,"185km NE of Kathmandu, Nepal",2,7,49714,9,2015
2021-02-27 08:05:14 IST,36.16,70.96,90,3.8,"110km SSE of Fayzabad, Afghanistan",1,8,46775,6,7361
2021-02-27 03:26:13 IST,38.63,71.99,10,3.6,"211km NE of Fayzabad, Afghanistan",3,9,132953,11,6010
2021-02-27 03:05:18 IST,36.38,71.55,125,4.3,"119km SE of Fayzabad, Afghanistan",0,5,62862,10,4770
2021-02-26 15:03:19 IST,23.03,94.12,10,3,"93km ESE of Champhai, Mizoram, India",1,4,48348,17,11594
2021-02-26 14:58:23 IST,37.16,72.66,10,4.5,"187km E of Fayzabad, Afghanistan",1,3,135686,4,966
2021-02-26 02:08:56 IST,36.42,71.98,10,3.8,"148km ESE of Fayzabad, Afghanistan",4,7,116398,11,9717
2021-02-25 22:33:21 IST,26.19,92.05,30,3.6,"31km E of Guwahati, Assam, India",3,4,148129,8,12353
2021-02-25 14:56:19 IST,22.79,96.05,30,3.9,"98km N of Burma, Myanmar",2,8,125629,5,13614
2021-02-25 14:06:46 IST,35.875,71.393,100,4.3,"155km SSE of Fayzabad, Afghanistan",2,8,62344,8,11201
2021-02-25 13:20:29 IST,22.99,95.47,19,4.1,"129km NNW of Burma, Myanmar",2,1,103805,6,4272
2021-02-25 09:50:05 IST,23.02,95.64,17,3.6,"127km NNW of Burma, Myanmar",2,5,106256,13,9027
2021-02-25 09:19:01 IST,25.21,94.37,48,3.3,"10km NNW of Shirui, Manipur, India",2,4,54042,7,2163
2021-02-25 09:15:57 IST,22.53,96.48,10,4.2,"87km NE of Burma, Myanmar",1,3,44768,9,1800
2021-02-25 08:04:29 IST,22.91,95.81,10,4.5,"112km N of Burma, Myanmar",0,2,65963,9,9597
2021-02-25 06:12:42 IST,36.45,71.85,24,3.6,"136km ESE of Fayzabad, Afghanistan",4,8,201829,11,12774
2021-02-25 03:55:26 IST,32.85,76.22,5,2.4,"70km N of Dharamshala, Himachal Pradesh, India",0,8,79362,10,1055
2021-02-25 02:33:02 IST,32.32,76.29,5,2.2,"11km NNW of Dharamshala, Himachal Pradesh, India",3,3,161643,11,1634
2021-02-25 01:37:51 IST,25.89,64.78,37,4.3,"587km NW of Dwarka, Gujarat, India",1,4,76566,8,8505
2021-02-24 23:46:47 IST,19.95,91.03,24,4.8,"369km S of Belonia, Tripura, India",2,12,144441,8,3312
2021-02-24 20:49:19 IST,26.02,95.45,83,4.2,"99km ESE of Mokokchung, Nagaland, India",2,3,145124,9,9196
2021-02-24 03:15:23 IST,37.4,75.89,10,4,"317km N of Kargil, Laddakh, India",5,3,147629,9,3257
2021-02-23 20:36:00 IST,28.72,77,10,1.9,"23km WNW of New Delhi, India",1,4,119391,11,1791
2021-02-23 17:45:20 IST,23.98,94.1,94,3.4,"66km SSE of Moirang, Manipur, India",1,3,168868,9,8206
2021-02-22 21:14:22 IST,27.42,92.65,10,2.6,"78km ESE of Tawang, Arunachal Pradesh, India",5,4,118917,8,12939
2021-02-22 14:01:53 IST,26.298,92.896,10,2.8,"40km SSE of Tezpur, Assam, India",1,6,185676,13,10292
2021-02-22 04:51:36 IST,36.484,70.684,155,3.9,"69km S of Fayzabad, Afghanistan",1,4,19004,8,12289
2021-02-21 01:46:11 IST,37.63,69.18,10,3.9,"109km SSE of Dushanbe, Tajikistan",3,3,117414,8,4031
2021-02-21 01:29:08 IST,24.87,94.89,5,2.8,"41km E of Ukhrul, Manipur, India",0,8,114166,7,13295
2021-02-21 01:15:49 IST,37.37,70.09,74,3.8,"50km NW of Fayzabad, Afghanistan",1,2,53174,9,5686
2021-02-20 22:03:55 IST,28.2,88.16,10,3.7,"80km NW of Lachung, Sikkim, India",0,3,128979,7,12794
2021-02-20 16:32:46 IST,37.86,72.59,10,3.6,"198km ENE of Fayzabad, Afghanistan",0,7,25495,4,7094
2021-02-20 13:39:32 IST,28.6,68.91,140,5,"435km W of Bikaner, Rajasthan, India",3,3,67290,9,4054
2021-02-20 07:17:48 IST,37.25,71.5,10,3.7,"85km ENE of Fayzabad, Afghanistan",3,7,45,9,3940
2021-02-20 05:31:26 IST,23.44,94.38,105,4.3,"107km E of Champhai, Mizoram, India",1,5,177931,10,8536
2021-02-20 03:55:31 IST,32.64,76.2,5,2.8,"48km NNW of Dharamshala, Himachal Pradesh, India",2,2,88422,14,1231
2021-02-20 03:21:11 IST,27.9,87.3,10,3.4,"108km WNW of Yuksom, Sikkim, India",0,9,208344,9,13954
2021-02-19 23:08:53 IST,24.1,93.58,5,2.4,"44km ENE of Ngopa, Mizoram, India",0,4,140147,8,4108
2021-02-19 16:38:32 IST,29.88,80.29,8,4,"33km NNE of Pithoragarh, Uttarakhand, India",4,3,122404,15,5067
2021-02-19 07:59:23 IST,28.21,87.25,55,3.4,"133km NW of Yuksom, Sikkim, India",1,1,70688,8,3537
2021-02-19 07:54:50 IST,25.55,91.96,50,2.8,"7km ESE of Shillong, Meghalaya, India",4,2,47682,7,94
2021-02-19 07:42:49 IST,36.73,71.69,10,3.8,"109km ESE of Fayzabad, Afghanistan",4,6,126148,14,10403
2021-02-19 04:11:24 IST,23.59,94.56,50,3.7,"126km E of Champhai, Mizoram, India",4,10,96424,6,8878
2021-02-19 03:54:18 IST,27.15,88.97,5,2.6,"40km ESE of Gangtok, Sikkim",2,6,33036,11,12154
2021-02-18 23:48:56 IST,34.54,69.19,110,4.3,"2km SW of Kabul , Afghanistan",2,6,24157,11,663
2021-02-18 22:58:23 IST,36.61,71.58,110,3.6,"106km ESE of Fayzabad, Afghanistan",3,2,52064,10,13933
2021-02-18 07:39:05 IST,36.62,74.56,10,3.7,"270km NNW of Kargil, Laddakh, India",2,4,191048,15,4996
2021-02-18 05:29:49 IST,17.75,73.55,6,3.3,"91km SSW of Pune, Maharashtra, India",5,5,210663,12,13700
2021-02-18 03:50:48 IST,31.07,78.06,5,2.2,"52km NW of Uttarkashi, Uttarakhand, India",5,8,110249,7,1651
2021-02-17 23:02:36 IST,36.71,71.01,220,4.4,"59km SE of Fayzabad, Afghanistan",1,5,107447,14,11171
2021-02-17 20:31:21 IST,36.73,71.31,20,3.6,"79km ESE of Fayzabad, Afghanistan",2,3,83183,15,8711
2021-02-17 17:54:46 IST,26.71,92.63,10,4.7,"17km WNW of Tezpur, Assam, India",1,1,53275,9,5404
2021-02-17 16:28:55 IST,34.44,69.55,180,4.6,"33km ESE of Kabul , Afghanistan",2,7,168758,9,1233
2021-02-17 02:06:51 IST,12.04,94.78,10,4.2,"228km ENE of Portblair, Andaman and Nicobar island, India",4,7,193678,10,9090
2021-02-16 21:55:17 IST,34.43,77.68,5,3.5,"32km NNE of Leh, Laddakh, India",2,4,55329,10,445
2021-02-16 19:00:56 IST,35.53,68.94,10,3.9,"111km NNW of Kabul , Afghanistan",4,4,95858,12,7544
2021-02-15 21:23:47 IST,25.41,85.35,5,3.5,"20km NW of Nalanda, Bihar, India",1,4,77506,4,9082
2021-02-15 19:23:24 IST,9.42,93.48,10,4.1,"258km SSE of Portblair, Andaman and Nicobar island, India",3,9,78988,11,11001
2021-02-15 17:41:19 IST,37.62,73.12,50,4.3,"234km ENE of Fayzabad, Afghanistan",2,1,159295,6,14870
2021-02-15 17:07:09 IST,25.32,93.83,30,3.4,"48km SW of Kohima, Nagaland, India",3,3,34401,11,3938
2021-02-15 15:59:06 IST,36.443,70.309,266,4.2,"76km SSW of Fayzabad, Afghanistan",3,4,123323,13,4869
2021-02-15 10:27:08 IST,1.03,98.59,10,4.7,"416km SW of Kuala Lumpur, Malaysia",1,3,136411,8,5150
2021-02-15 05:25:26 IST,22.02,93.79,10,3.5,"166km SSE of Champhai, Mizoram, India",3,3,92892,12,10987
2021-02-15 02:46:00 IST,28.57,87.39,67,3.6,"156km NNW of Yuksom, Sikkim, India",1,8,144653,5,13980
2021-02-15 01:25:59 IST,28.91,76.99,5,2.7,"37km E of Rohtak, Haryana, India",3,11,107382,12,14616
2021-02-14 15:49:53 IST,31.32,76.87,10,3.2,"30km S of Mandi, Himachal Pradesh, India",4,4,160856,12,14189
2021-02-14 10:35:05 IST,36.34,71.2,100,3.9,"102km SE of Fayzabad, Afghanistan",2,2,23889,9,13196
2021-02-14 05:43:51 IST,28.27,93.39,10,2.9,"131km WNW of Basar, Arunachal Pradesh, India",3,3,82561,13,14865
2021-02-14 03:30:22 IST,37.98,72.58,110,3.9,"204km ENE of Fayzabad, Afghanistan",3,4,96409,16,5670
2021-02-12 22:31:33 IST,38,73.58,74,6.3,"285km ENE of Fayzabad, Afghanistan",3,2,-33610,15,14227
2021-02-12 15:45:19 IST,38.32,73.66,100,4.5,"305km ENE of Fayzabad, Afghanistan",3,7,45702,13,11427
2021-02-12 08:01:47 IST,30.1,69.7,290,4.3,"420km NW of Bikaner, Rajasthan, India",1,2,59320,8,2568
2021-02-12 01:04:03 IST,37,72.32,234,4.7,"157km E of Fayzabad, Afghanistan",0,11,147410,16,729
2021-02-11 13:34:51 IST,22.814,94.524,50,3.7,"141km ESE of Champhai, Mizoram, India",4,5,64657,12,3256
2021-02-11 04:01:30 IST,36.78,70.61,97,4.9,"36km S of Fayzabad, Afghanistan",1,5,59096,14,11692
2021-02-11 02:55:01 IST,39.55,73.74,10,3.6,"376km S of Bishkek, Kyrgyzstan",2,4,140874,11,9493
2021-02-11 00:45:51 IST,23.7,93.1,30,3.1,"23km SSW of Ngopa, Mizoram, India",1,4,19104,12,3404
2021-02-11 00:33:26 IST,36.13,71.39,160,4.4,"131km SE of Fayzabad, Afghanistan",5,4,-3562,5,11141
2021-02-10 20:02:33 IST,36.05,71.87,200,4.3,"165km SE of Fayzabad, Afghanistan",1,3,81920,9,2162
2021-02-09 19:26:22 IST,36.41,71.19,50,3.5,"95km SE of Fayzabad, Afghanistan",2,5,27614,8,12336
2021-02-09 07:20:07 IST,27.95,87.91,90,4.5,"71km NNW of Yuksom, Sikkim, India",2,9,29516,10,11922
2021-02-09 04:09:11 IST,26.99,92.54,5,2.3,"45km NW of Tezpur, Assam, India",1,5,128671,6,14590
2021-02-09 00:40:55 IST,36.87,71.97,10,3.9,"128km E of Fayzabad, Afghanistan",0,2,143798,3,2296
2021-02-08 19:05:28 IST,36.57,71.39,139,3.9,"95km SE of Fayzabad, Afghanistan",0,6,139443,11,13603
2021-02-08 13:49:15 IST,26.57,93.14,30,3.7,"35km ESE of Tezpur, Assam, India",2,7,155438,12,5149
2021-02-08 09:03:47 IST,39.51,71.55,10,3.6,"261km ENE of Dushanbe, Tajikistan",2,5,162056,15,6270
2021-02-08 06:48:31 IST,29.44,74.4,24,3.5,"100km SSW of Bathinda, Punjab, India",3,7,-6429,13,7053
2021-02-08 04:56:02 IST,34.22,73.61,30,3.5,"73km WNW of Gulmarg, Jammu and Kashmir, India",3,7,122520,15,9422
2021-02-07 21:08:08 IST,39.27,74.29,10,4,"401km S of Bishkek, Kyrgyzstan",0,8,73519,12,14921
2021-02-06 20:24:39 IST,37.9,93.3,10,4.2,"1100km N of Pangin, Arunachal Pradesh, India",3,7,62628,12,9019
2021-02-06 08:27:34 IST,28.95,73.52,5,3.5,"105km N of Bikaner, Rajasthan, India",1,3,128020,8,13904
2021-02-05 17:17:52 IST,20.98,97.66,10,4.5,"10km NW of Namsang, Myanmar",1,4,13485,14,3862
2021-02-05 12:06:00 IST,36.55,70.5,10,3.7,"61km S of Fayzabad, Afghanistan",3,4,12444,17,6006
2021-02-05 06:53:11 IST,29.01,77.28,5,1.8,"44km N of New Delhi, India",0,3,131678,9,7592
2021-02-05 04:33:07 IST,29.03,86.55,10,3.9,"189km NE of Kathmandu, Nepal",1,7,124389,8,4877
2021-02-05 03:43:10 IST,27.86,88.14,10,4,"54km N of Yuksom, Sikkim, India",2,7,106836,7,14654
2021-02-04 22:32:05 IST,36.4,77.09,10,4.6,"222km NNE of Kargil, Laddakh, India",2,3,56004,9,10898
2021-02-04 10:36:29 IST,28.62,87.38,124,4.8,"161km NNW of Yuksom, Sikkim, India",1,7,137191,14,7209
2021-02-04 01:00:28 IST,36.53,70.66,10,4.2,"64km S of Fayzabad, Afghanistan",1,8,134015,8,11282
2021-02-04 00:27:27 IST,23.45,94.21,5,3.4,"90km E of Champhai, Mizoram, India",0,3,104265,10,7038
2021-02-04 00:04:20 IST,4.94,95.76,10,4,"308km SE of Campbell Bay, Andaman and Nicobar island, India",1,4,41133,12,307
2021-02-03 21:10:20 IST,39.34,71.91,63,3.6,"276km NNE of Fayzabad, Afghanistan",2,7,78737,8,8170
2021-02-03 19:59:52 IST,34.33,78.3,10,4.5,"69km ENE of Leh, Laddakh, India",1,1,141891,9,9396
2021-02-03 18:48:56 IST,36.35,70.87,138,4.2,"88km SSE of Fayzabad, Afghanistan",4,4,166359,7,14719
2021-02-02 23:04:07 IST,36.06,76.25,10,4.2,"167km N of Kargil, Laddakh, India",1,2,83673,12,659
2021-02-02 21:44:15 IST,28.66,84.09,40,4.2,"160km NW of Kathmandu, Nepal",3,2,87516,10,7705
2021-02-02 12:14:01 IST,36.08,69.45,10,4.3,"150km SW of Fayzabad, Afghanistan",1,5,91915,4,1517
2021-02-02 09:15:50 IST,36.73,71.07,10,4.2,"61km SE of Fayzabad, Afghanistan",3,6,113744,10,2277
2021-02-02 08:22:42 IST,37.17,71.5,169,4.6,"84km E of Fayzabad, Afghanistan",0,5,70946,5,9176
2021-02-02 08:01:18 IST,28.75,87.45,151,4.9,"170km NNW of Yuksom, Sikkim, India",1,4,-44709,9,3511
2021-02-02 06:46:41 IST,36.35,71.37,10,4.1,"110km SE of Fayzabad, Afghanistan",2,5,159638,5,11250
2021-02-01 01:34:26 IST,24.84,94.35,35,4,"16km SW of Ukhrul, Manipur, India",1,7,189734,8,7737
2021-02-01 01:12:25 IST,36.62,71.58,16,3.9,"106km ESE of Fayzabad, Afghanistan",2,4,69380,8,3312
2021-01-31 19:16:05 IST,26.28,95.73,110,3.6,"121km E of Mokokchung, Nagaland, India",2,2,46667,12,7432
2021-01-31 04:35:59 IST,39.53,72.43,10,3.5,"316km NNE of Fayzabad, Afghanistan",2,9,93144,8,63
2021-01-31 00:41:12 IST,19.53,77.13,5,3.2,"131km S of Akola,Maharashtra,India",4,4,90624,7,12947
2021-01-30 20:40:35 IST,26.85,93.31,30,2.7,"39km SW of Itanagar, Arunachal Pradesh, India",2,3,149775,7,239
2021-01-30 16:09:40 IST,19.56,77.67,10,3.4,"108km NNW of Nizamabad, Telangana, India",3,4,102731,12,154
2021-01-30 11:15:49 IST,28.36,89.76,10,4,"99km N of Thimphu, Bhutan",2,4,60368,9,9191
2021-01-29 18:57:48 IST,39.68,74.78,10,3.4,"355km S of Bishkek, Kyrgyzstan",1,6,34079,9,14604
2021-01-28 16:46:02 IST,32.222,76.418,10,2.8,"8km E of Dharamshala, Himachal Pradesh, India",2,4,143281,6,12846
2021-01-28 09:17:54 IST,28.66,77.13,15,2.8,"8km NW of New Delhi, India",4,6,129975,6,3817
2021-01-28 00:26:25 IST,25.96,95.66,16,3.5,"121km ESE of Mokokchung, Nagaland, India",2,9,153027,13,2990
2021-01-27 14:47:03 IST,38.38,71.84,150,3.7,"182km NE of Fayzabad, Afghanistan",0,3,51590,15,9410
2021-01-27 00:48:15 IST,35.36,73.71,16,3.6,"158km NNW of Gulmarg, Jammu and Kashmir, India",3,3,191921,10,12348
2021-01-27 00:08:40 IST,26.27,95.69,10,3.8,"117km E of Mokokchung, Nagaland, India",0,8,12815,7,5463
2021-01-26 23:51:36 IST,28.73,76.92,10,2.7,"29km ENE of Jhajjar, Haryana",5,6,135480,11,6513
2021-01-26 19:28:36 IST,18.33,73.91,12,2.6,"21km SSE of Pune, Maharashtra, India",2,1,4520,13,1776
2021-01-26 12:35:18 IST,25.14,93.87,15,3.3,"36km N of Imphal, Manipur, India",3,7,60483,13,2334
2021-01-26 01:21:05 IST,28.59,77.01,5,1.9,"14km N of Gurugram, Haryana, India",2,5,178051,6,8546
2021-01-25 02:15:31 IST,27.51,93.21,11,3.5,"61km NW of Itanagar, Arunachal Pradesh, India",5,7,141568,7,1584
2021-01-25 00:31:20 IST,37.08,71.57,90,5.3,"90km E of Fayzabad, Afghanistan",2,5,72688,8,3070
2021-01-24 14:01:02 IST,27.79,95.04,10,3,"37km NNE of Dibrugarh, Assam, India",2,2,74058,12,3558
2021-01-23 12:56:04 IST,39.65,73.238,10,3.2,"367km NE of Fayzabad, Afghanistan",1,6,105031,11,6686
2021-01-23 10:09:03 IST,36.77,68.12,230,4.5,"207km SSW of Dushanbe, Tajikistan",1,7,125707,13,731
2021-01-23 05:32:01 IST,26.42,93.41,5,2.3,"65km NNW of Dimapur, Nagaland, India",6,5,162578,11,7521
2021-01-23 02:44:44 IST,24.34,94.95,21,3.9,"81km SE of Ukhrul, Manipur, India",1,6,77188,10,13933
2021-01-22 02:04:47 IST,28.6,77,5,1.9,"15km N of Gurugram, Haryana, India",2,5,19410,12,415
2021-01-22 00:18:47 IST,36.36,71.25,188,3.8,"103km SE of Fayzabad, Afghanistan",0,6,107848,8,9483
2021-01-21 22:20:15 IST,24.84,94.72,10,2.8,"26km ESE of Ukhrul, Manipur, India",4,3,77128,7,12545
2021-01-21 21:02:09 IST,36.48,70.82,203,4.4,"73km SSE of Fayzabad, Afghanistan",2,4,34968,14,4721
2021-01-21 19:12:40 IST,36.53,77,156,4.2,"233km NNE of Kargil, Laddakh, India",3,5,114883,15,2016
2021-01-21 16:26:05 IST,36.31,70.22,10,3.7,"92km SSW of Fayzabad, Afghanistan",3,8,89344,6,697
2021-01-21 04:03:15 IST,22.02,94.5,10,3.5,"150km W of Burma, Myanmar",3,10,115325,16,9676
2021-01-21 00:33:40 IST,36.63,72.42,67,3.8,"174km ESE of Fayzabad, Afghanistan",2,5,55277,4,8305
2021-01-20 12:58:04 IST,36.55,72.74,110,4.3,"204km ESE of Fayzabad, Afghanistan",1,3,124335,8,3477
2021-01-20 02:06:50 IST,37.84,72.26,195,3.9,"171km ENE of Fayzabad, Afghanistan",2,7,34145,12,12482
2021-01-19 21:13:21 IST,34.3,74.53,5,3.6,"31km NNE of Gulmarg, Jammu and Kashmir, India",3,2,58613,7,11045
2021-01-19 18:02:57 IST,39.96,77.11,10,3.6,"387km SE of Bishkek, Kyrgyzstan",3,6,87854,4,4182
2021-01-19 16:32:39 IST,36.39,71.02,10,4,"89km SSE of Fayzabad, Afghanistan",3,6,187090,11,11312
2021-01-18 17:13:59 IST,7.62,94.72,120,4.5,"112km NE of Campbell Bay, Andaman and Nicobar island, India",2,6,139241,8,3712
2021-01-18 12:40:13 IST,36.12,69.51,10,3.7,"143km SW of Fayzabad, Afghanistan",3,5,153859,5,10145
2021-01-18 12:21:12 IST,35.3,73.59,34,3.8,"156km NNW of Gulmarg, Jammu and Kashmir, India",2,0,170853,9,1822
2021-01-18 02:06:54 IST,24.31,93.75,28,2.7,"21km S of Moirang, Manipur, India",0,6,280141,9,10398
2021-01-18 01:21:44 IST,34.61,80.896,221,3.6,"279km NE of Hanley, Jammu & Kashmir, India",4,4,102079,6,3619
2021-01-17 22:00:45 IST,20.03,72.82,5,3.5,"101km W of Nashik, Maharashtra, India",3,6,171020,7,8608
2021-01-17 19:12:57 IST,24.29,96.77,10,3.7,"242km ESE of Ukhrul, Manipur, India",2,3,150631,7,2628
2021-01-17 13:53:20 IST,37.48,75.11,10,3.5,"338km NNW of Kargil, Laddakh, India",3,6,149801,6,10903
2021-01-17 12:29:51 IST,26,96.53,10,3.9,"194km S of Changlang, Arunachal Pradesh, India",2,3,188711,11,960
2021-01-17 02:58:15 IST,23.62,93.5,25,3.2,"25km NE of Champhai, Mizoram, India",1,5,79034,10,2522
2021-01-17 02:18:11 IST,23.65,93.46,55,4.4,"25km NNE of Champhai, Mizoram, India",4,2,75065,10,2802
2021-01-17 01:32:53 IST,35.94,71.12,200,5.3,"138km SSE of Fayzabad, Afghanistan",3,4,115988,6,668
2021-01-16 22:01:04 IST,33.03,75.93,10,4.1,"93km E of Katra, Jammu and Kashmir, India",4,7,90865,12,11187
2021-01-16 16:05:49 IST,36.42,72.22,100,3.8,"166km ESE of Fayzabad, Afghanistan",1,6,115925,9,14715
2021-01-15 16:58:21 IST,1.26,96.42,10,4.3,"621km WSW of Kuala Lumpur, Malaysia",2,7,178137,11,11687
2021-01-14 00:45:35 IST,24.96,93.24,15,4.2,"64km NW of Bishnupur, Manipur, India",1,6,76092,18,12916
2021-01-13 19:03:31 IST,28.86,77.49,5,2.9,"37km NNE of Noida, Uttar Pradesh, India",2,2,84766,11,139
2021-01-13 06:37:22 IST,22.64,94.58,98,3.8,"157km SE of Champhai, Mizoram, India",1,0,108715,13,1812
2021-01-13 03:26:05 IST,36.38,70.25,163,3.8,"84km SSW of Fayzabad, Afghanistan",1,4,88584,12,8407
2021-01-12 20:00:07 IST,37.3,72.34,135,4.3,"160km E of Fayzabad, Afghanistan",5,5,4299,9,14669
2021-01-12 15:16:43 IST,19.68,90.75,118,4.3,"383km SE of Haldia, West Bengal, India",0,2,70993,9,9927
2021-01-12 10:17:20 IST,36.37,71.14,250,4.5,"96km SE of Fayzabad, Afghanistan",2,3,134368,12,5643
2021-01-11 19:32:04 IST,33.34,75.47,5,5.1,"63km NE of Katra, Jammu and Kashmir, India",4,6,171877,17,2234
2021-01-11 19:29:15 IST,33.22,75.58,5,3.8,"65km ENE of Katra, Jammu and Kashmir, India",2,9,42269,9,2334
2021-01-11 02:31:38 IST,36.47,70.6,150,4.2,"70km S of Fayzabad, Afghanistan",0,6,42035,13,5473
2021-01-10 20:44:40 IST,36.49,70.75,147,4.5,"70km SSE of Fayzabad, Afghanistan",5,4,101511,7,10721
2021-01-10 06:38:05 IST,27.21,89.92,10,3.1,"40km SE of Thimphu, Bhutan",2,2,-3779,8,525
2021-01-10 04:30:38 IST,37.35,72.23,220,4.2,"151km ENE of Fayzabad, Afghanistan",4,6,77751,11,12790
2021-01-10 04:17:29 IST,36.75,71.39,230,3.9,"84km ESE of Fayzabad, Afghanistan",3,7,13197,19,14126
2021-01-09 23:02:48 IST,22.93,94.22,50,3.5,"108km ESE of Champhai, Mizoram, India",1,2,168453,2,13337
2021-01-09 22:27:03 IST,37.39,72.04,85,3.7,"135km ENE of Fayzabad, Afghanistan",2,6,61533,10,13699
2021-01-09 20:21:50 IST,32.31,76.3,10,4.2,"10km NNW of Dharamshala, Himachal Pradesh, India",5,8,182641,10,279
2021-01-09 11:27:30 IST,30.79,78.58,10,3.3,"15km ENE of Uttarkashi, Uttarakhand, India",1,4,155676,8,14667
2021-01-08 21:45:55 IST,20.13,84.25,5,3.2,"107km NNW of Berhampur, Odisha, India",1,6,67684,13,5527
2021-01-08 18:16:25 IST,36.47,71.46,10,3.6,"107km SE of Fayzabad, Afghanistan",1,6,46402,11,13045
2021-01-08 15:41:55 IST,37.16,71.34,130,4.1,"70km E of Fayzabad, Afghanistan",3,1,90322,11,2842
2021-01-08 10:05:19 IST,29.85,79.77,10,3.3,"52km NW of Pithoragarh, Uttarakhand, India",2,7,94767,12,6725
2021-01-07 19:22:29 IST,22.56,69.65,20,2.7,"78km ENE of Dwarka, Gujarat, India",1,6,117307,13,710
2021-01-07 06:57:38 IST,6.99,93.91,72,4.4,"2km SSE of Campbell Bay, Andaman and Nicobar island, India",0,5,61172,6,649
2021-01-07 01:53:34 IST,37.17,72.09,99,3.9,"136km E of Fayzabad, Afghanistan",1,3,137319,5,14151
2021-01-06 20:38:42 IST,23.06,94.26,32,3.7,"104km ESE of Champhai, Mizoram, India",0,7,113266,9,12168
2021-01-06 04:32:07 IST,26.95,92.93,8,2.5,"35km NNE of Tezpur, Assam, India",3,4,82980,10,7970
2021-01-05 13:09:22 IST,32.35,76.61,5,3.2,"30km ENE of Dharamshala, Himachal Pradesh, India",2,2,64397,11,7905
2021-01-04 10:58:43 IST,34.28,74.52,5,3.5,"28km NNE of Gulmarg, Jammu and Kashmir, India",0,7,90755,9,11243
2021-01-04 00:13:07 IST,26.21,90.94,5,2.5,"79km W of Guwahati, Assam, India",1,5,59154,13,5157
2021-01-03 22:15:28 IST,26.52,93.03,10,2.8,"27km ESE of Tezpur, Assam, India",3,8,102921,10,11439
2021-01-03 00:18:14 IST,35.89,70.17,250,4.1,"138km SSW of Fayzabad, Afghanistan",2,7,104271,12,7300
2021-01-02 22:20:32 IST,20.095,72.928,5,2.4,"90km W of Nashik, Maharashtra, India",1,5,113085,15,9586
2021-01-02 21:45:56 IST,32.51,76.4,30,2.6,"33km NNE of Dharamshala, Himachal Pradesh, India",3,4,188312,8,14474
2021-01-02 18:32:55 IST,36.94,72.11,121,4.5,"139km E of Fayzabad, Afghanistan",4,3,93377,12,7096
2021-01-02 13:24:40 IST,21.79,74.7,5,3.3,"157km SW of Indore, Madhya Pradesh, India",0,9,150229,14,6305
2021-01-02 04:11:58 IST,30.59,79.28,5,2.4,"26km W of Joshimath, Uttarakhand , India",1,4,111479,8,13590
2021-01-02 03:31:48 IST,23.03,94.04,10,3.2,"86km ESE of Champhai, Mizoram, India",1,8,88087,5,13543
2021-01-01 00:27:05 IST,24.45,94.86,98,3.1,"65km SE of Ukhrul, Manipur, India",2,4,94042,13,14886
2020-12-31 23:05:21 IST,27.32,88.62,5,2.6,"1km SE of Gangtok, Sikkim",2,2,97058,10,8285
2020-12-31 17:21:00 IST,24.19,93.85,40,3.1,"35km SSE of Moirang, Manipur, India",0,2,113988,12,5196
2020-12-31 13:30:28 IST,27.07,89.16,5,2.8,"61km ESE of Gangtok, Sikkim",2,5,52033,10,3643
2020-12-30 11:03:46 IST,34.7,72.92,10,4.7,"113km N of Islamabad, Pakistan",0,8,26732,7,559
2020-12-30 01:34:04 IST,27.69,86.33,100,3.9,"99km E of Kathmandu, Nepal",4,5,132714,5,10914
2020-12-29 21:44:00 IST,35.78,71.51,150,4.2,"170km SSE of Fayzabad, Afghanistan",1,6,144906,8,3540
2020-12-29 03:58:16 IST,28.49,91.96,112,3.1,"101km N of Tawang, Arunachal Pradesh, India",5,3,137281,12,9119
2020-12-29 01:20:28 IST,18.88,95.26,64,3.8,"244km NNW of Rangoon, Myanmar",1,5,107748,13,13753
2020-12-28 20:15:19 IST,37.31,71.84,45,4.2,"116km ENE of Fayzabad, Afghanistan",1,8,138361,13,14255
2020-12-28 05:48:12 IST,36.66,71.31,221,3.9,"83km SE of Fayzabad, Afghanistan",0,4,135671,6,115
2020-12-28 03:09:12 IST,24.65,94.53,40,3.1,"31km S of Ukhrul, Manipur, India",1,5,139381,16,4790
2020-12-27 03:18:20 IST,27.41,96.55,10,3.5,"38km SSW of Changlang, Arunachal Pradesh, India",2,1,57022,15,12568
2020-12-26 19:49:15 IST,16.15,93.07,50,4.1,"320km N of Diglipur, Andaman and Nicobar island, India",0,5,45152,16,8069
2020-12-26 04:59:02 IST,37.39,71.82,186,3.9,"116km ENE of Fayzabad, Afghanistan",3,6,80571,8,12122
2020-12-26 03:23:50 IST,25.7,94.7,30,2.8,"59km E of Kohima, Nagaland, India",4,3,99130,12,12807
2020-12-26 02:01:49 IST,26.06,95.38,120,3.6,"91km ESE of Mokokchung, Nagaland, India",2,6,87903,13,6667
2020-12-26 01:21:28 IST,37.96,73.54,50,3.8,"280km ENE of Fayzabad, Afghanistan",5,5,6165,10,5416
2020-12-25 05:02:19 IST,28.7,77.04,5,2.3,"18km WNW of New Delhi, India",2,5,186084,8,6858
2020-12-24 20:44:01 IST,25.47,96.25,100,3.9,"187km ENE of Ukhrul, Manipur, India",3,6,86297,14,9809
2020-12-24 19:51:07 IST,27.11,88.34,5,2.5,"11km NE of Drajeelind,West Bengal,India",1,6,108635,10,5539
2020-12-24 19:06:56 IST,36.28,69.35,50,4,"140km SW of Fayzabad, Afghanistan",2,7,162227,7,11636
2020-12-24 18:17:15 IST,25.69,96.55,198,3.9,"215km ESE of Mokokchung, Nagaland, India",0,6,-17248,17,13564
2020-12-24 16:51:29 IST,25.79,96.46,150,3.6,"203km ESE of Mokokchung, Nagaland, India",3,5,74415,13,4270
2020-12-24 13:39:52 IST,25.58,96.53,100,4.6,"217km ESE of Mokokchung, Nagaland, India",1,6,80644,10,14476
2020-12-24 08:29:46 IST,38.24,71.72,10,4.2,"163km NE of Fayzabad, Afghanistan",3,6,83184,9,9359
2020-12-24 06:56:06 IST,26.1,93.01,5,3,"65km SSE of Tezpur, Assam, India",3,5,91325,7,13178
2020-12-24 05:21:51 IST,34.21,97.99,10,4.6,"722km NNE of Pangin, Arunachal Pradesh, India",1,10,172356,11,1603
2020-12-24 03:19:35 IST,24.51,94.94,123,2.8,"66km SE of Ukhrul, Manipur, India",3,4,133672,6,3809
2020-12-23 22:41:26 IST,37.13,71.71,10,3.9,"102km E of Fayzabad, Afghanistan",0,8,147901,11,4849
2020-12-23 16:37:02 IST,27.17,96.05,150,3.7,"86km SW of Changlang, Arunachal Pradesh, India",1,6,102356,4,4577
2020-12-23 11:44:19 IST,16.36,94.45,219,3.9,"190km WSW of Yangon, Myanmar",0,4,30031,13,2619
2020-12-23 01:25:52 IST,36.81,71.93,16,3.7,"126km ESE of Fayzabad, Afghanistan",2,5,-3984,9,13029
2020-12-22 06:31:34 IST,36.15,69.08,25,4.7,"168km SW of Fayzabad, Afghanistan",1,4,23529,11,6308
2020-12-22 01:03:12 IST,37,71.6,150,3.9,"93km E of Fayzabad, Afghanistan",4,6,117988,10,14448
2020-12-21 08:33:46 IST,33.66,76.64,5,3.7,"79km SW of Alchi(Leh),Jammu & Kashmir,India",3,2,101588,15,8772
2020-12-21 00:27:36 IST,32.69,76.42,5,2.4,"53km N of Dharamshala, Himachal Pradesh, India",1,2,89491,15,2118
2020-12-20 23:43:51 IST,22.98,93.77,10,3.4,"69km SE of Champhai, Mizoram, India",1,9,81571,14,8211
2020-12-20 20:40:51 IST,36.32,71.67,10,4.2,"132km SE of Fayzabad, Afghanistan",4,1,200586,11,14903
2020-12-20 06:09:51 IST,36.7,70.89,239,4.4,"53km SE of Fayzabad, Afghanistan",1,3,58854,6,8499
2020-12-20 05:55:02 IST,29.66,80.53,5,2.9,"31km ENE of Pithoragarh, Uttarakhand, India",1,4,146390,13,77
2020-12-19 11:52:44 IST,21.73,94.35,10,4.1,"166km W of Burma, Myanmar",1,3,100095,9,13999
2020-12-18 21:32:40 IST,36.79,72.03,10,4,"136km ESE of Fayzabad, Afghanistan",3,2,96953,10,3561
2020-12-18 10:15:54 IST,36.96,72.07,10,3.7,"135km E of Fayzabad, Afghanistan",1,6,158831,5,10343
2020-12-18 09:23:43 IST,36.61,71.31,173,4.4,"86km SE of Fayzabad, Afghanistan",2,2,173126,8,7750
2020-12-17 23:46:46 IST,28.19,76.67,25,4.2,"46km SW of Gurugram, Haryana, India",5,7,88022,12,4915
2020-12-17 22:03:20 IST,24.15,93.74,36,3.2,"38km S of Moirang, Manipur, India",1,10,139960,13,4275
2020-12-17 11:26:01 IST,27.4,75.43,5,3,"64km NW of Jaipur, Rajasthan, India",2,1,118194,10,13934
2020-12-17 02:32:39 IST,35.14,70.27,10,4.2,"116km NE of Kabul , Afghanistan",5,2,100371,14,13683
2020-12-16 22:53:40 IST,36.82,72.53,101,3.7,"178km E of Fayzabad, Afghanistan",1,4,110212,12,7721
2020-12-16 20:10:16 IST,27.7,94.2,10,3.1,"57km WSW of Basar, Arunachal Pradesh, India",4,4,65599,13,3914
2020-12-16 19:26:35 IST,37.12,73.53,10,4,"264km E of Fayzabad, Afghanistan",4,8,84695,10,1580
2020-12-16 18:27:13 IST,37.22,73.49,10,4.3,"260km E of Fayzabad, Afghanistan",1,6,70968,12,2390
2020-12-16 02:07:30 IST,31.49,76.84,5,3.2,"13km SSW of Mandi, Himachal Pradesh, India",2,2,145068,17,7857
2020-12-15 23:47:50 IST,23.82,93.11,57,3.4,"12km SW of Ngopa, Mizoram, India",3,6,95239,16,4652
2020-12-15 14:47:06 IST,39.34,75.8,100,3.7,"406km SSE of Bishkek, Kyrgyzstan",6,8,35114,15,678
2020-12-14 16:46:15 IST,38.66,73.35,50,4.2,"300km NE of Fayzabad, Afghanistan",0,8,63828,6,6854
2020-12-14 14:20:38 IST,36.66,68.94,50,4.3,"151km WSW of Fayzabad, Afghanistan",4,2,-59963,10,11205
2020-12-14 10:10:13 IST,21.22,95.49,13,3.7,"90km SSW of Burma, Myanmar",3,5,75275,12,13380
2020-12-14 05:25:31 IST,35.92,68.92,50,4,"154km N of Kabul , Afghanistan",1,4,101882,14,8799
2020-12-13 23:33:08 IST,31.98,77.35,10,2.4,"22km E of Kullu, Himachal Pradesh, India",4,3,93193,11,10863
2020-12-13 20:54:58 IST,24.45,73.26,5,2.3,"151km NNE of Gandhinagar, Gujarat, India",1,8,199007,6,5492
2020-12-13 11:38:55 IST,36.62,71.23,10,4.1,"80km SE of Fayzabad, Afghanistan",2,3,128745,11,7468
2020-12-13 01:43:55 IST,36.27,72.18,33,3.8,"172km ESE of Fayzabad, Afghanistan",1,7,126522,8,10957
2020-12-13 00:14:59 IST,26.85,94.42,10,2.6,"24km ENE of Jorhat, Assam, India",4,2,17836,7,10928
2020-12-12 20:41:37 IST,26.88,96.18,10,3.3,"106km SSW of Changlang, Arunachal Pradesh, India",3,1,81767,14,6396
2020-12-12 20:39:27 IST,26.46,94.58,5,2.6,"16km NNE of Mokokchung, Nagaland, India",6,5,75666,7,8177
2020-12-12 16:42:16 IST,36.54,71.24,10,3.9,"87km SE of Fayzabad, Afghanistan",1,4,60695,8,13861
2020-12-11 21:28:52 IST,23.89,92.88,40.1,3.2,"24km NE of Aizawl, Mizoram, India",2,4,60005,7,9498
2020-12-11 19:59:53 IST,10.97,76.1,10,2.5,"50km NNW of Thrissur, Kerala, India",1,4,9593,8,9656
2020-12-11 18:33:51 IST,21.59,90.31,10,4.1,"219km SSW of Belonia, Tripura, India",2,3,36207,13,11780
2020-12-11 18:30:15 IST,15.49,94.06,10,4.2,"270km SW of Yangon, Myanmar",3,0,143704,8,1772
2020-12-10 22:26:47 IST,25.87,90.52,10,3.9,"50km NE of Tura, Meghalaya, India",3,2,92854,10,7867
2020-12-10 22:03:05 IST,37.04,71,10,4.4,"40km E of Fayzabad, Afghanistan",0,3,74679,9,14393
2020-12-10 00:24:19 IST,26.54,96.66,145,4.1,"133km S of Changlang, Arunachal Pradesh, India",1,4,99729,9,5456
2020-12-10 00:06:45 IST,26.703,95.313,10,2.5,"90km ENE of Mokokchung, Nagaland, India",1,2,158369,9,4459
2020-12-09 21:35:35 IST,24.98,95,27.7,3.1,"52km E of Ukhrul, Manipur, India",4,6,100210,14,9038
2020-12-08 10:44:34 IST,22.11,94.2,87,5.2,"174km SSE of Champhai, Mizoram, India",1,5,127018,7,3355
2020-12-08 00:27:44 IST,28.96,76.99,14,3.3,"38km E of Rohtak, Haryana, India",4,1,57669,13,8361
2020-12-07 02:09:22 IST,32.72,76.62,5,2.6,"62km NNE of Dharamshala, Himachal Pradesh, India",0,8,69068,9,2376
2020-12-07 01:14:59 IST,36.25,73.74,10,3.6,"251km NNW of Gulmarg, Jammu and Kashmir, India",3,6,117698,11,8717
2020-12-07 00:19:02 IST,36.81,71.84,10,4,"119km ESE of Fayzabad, Afghanistan",1,1,194632,7,9055
2020-12-06 19:05:39 IST,12.79,93.14,10,4.3,"55km SSE of Diglipur, Andaman and Nicobar island, India",2,9,171488,12,6305
2020-12-06 10:10:40 IST,32.71,76.65,5,2.8,"62km NNE of Dharamshala, Himachal Pradesh, India",4,3,129141,8,5772
2020-12-06 06:44:38 IST,39.07,75.73,65,3.6,"434km SSE of Bishkek, Kyrgyzstan",2,9,107571,6,3719
2020-12-06 05:57:29 IST,37.856,66.942,15.8,4.3,"179km WSW of Dushanbe, Tajikistan",1,4,170053,9,4997
2020-12-06 02:00:05 IST,35.972,70.623,167,4.3,"125km S of Fayzabad, Afghanistan",1,3,139733,7,7500
2020-12-05 16:59:22 IST,36.46,71.44,150,4,"106km SE of Fayzabad, Afghanistan",2,7,-14683,11,3752
2020-12-05 14:03:42 IST,39.49,75.7,10,4.1,"388km SSE of Bishkek, Kyrgyzstan",1,5,47303,10,11753
2020-12-05 10:46:37 IST,26.92,92.67,10,3.4,"32km NNW of Tezpur, Assam, India",2,6,116907,9,10650
2020-12-04 04:38:15 IST,36.42,71.26,119,4.3,"98km SE of Fayzabad, Afghanistan",1,3,10651,10,4076
2020-12-04 03:10:59 IST,30.11,80.56,5,2.6,"67km NNE of Pithoragarh, Uttarakhand, India",2,7,55120,9,1506
2020-12-04 02:13:24 IST,22.14,86.05,63,3.9,"75km SSW of Jamshedpur, Jharkhand, India",0,5,65009,10,52
2020-12-04 01:18:38 IST,3.09,97.92,144,5.2,"418km W of Kuala Lumpur, Malaysia",1,8,87191,7,8970
2020-12-03 13:40:06 IST,34.49,75.95,10,3.5,"18km WSW of Kargil, Laddakh, India",4,7,85628,9,3209
2020-12-03 04:26:45 IST,33.1,72.67,10,3.9,"73km SSW of Islamabad, Pakistan",3,3,85543,13,238
2020-12-02 12:44:24 IST,27.49,94.34,60,3.1,"56km W of Dibrugarh, Assam, India",2,5,141265,12,5418
2020-12-02 06:24:40 IST,38.296,75.376,169,4.3,"421km N of Kargil, Laddakh, India",2,9,86738,9,14431
2020-12-02 04:05:01 IST,28.79,77.46,5,2.7,"29km NNE of Noida, Uttar Pradesh, India",1,5,80768,7,10364
2020-12-01 09:41:50 IST,30.03,77.95,10,3.9,"22km WNW of Haridwar, Uttarakhand, India",5,6,32541,14,12873
2020-11-30 18:02:36 IST,36.36,70.59,232,4.2,"82km S of Fayzabad, Afghanistan",0,4,151217,14,2213
2020-11-29 21:12:35 IST,31.56,72.84,10,3.6,"192km W of Amritsar, Punjab, India",2,6,66425,10,1145
2020-11-28 05:39:30 IST,36.7,71.58,20,3.9,"101km ESE of Fayzabad, Afghanistan",3,6,45648,7,222
2020-11-28 05:07:54 IST,33.72,88.6,200,4.1,"670km N of Lachung, Sikkim, India",1,5,110654,9,14337
2020-11-28 04:33:11 IST,36.14,71.06,200,3.6,"116km SSE of Fayzabad, Afghanistan",2,6,61652,5,4538
2020-11-26 22:57:33 IST,36.54,71.2,263,5.2,"85km SE of Fayzabad, Afghanistan",4,4,73702,9,6919
2020-11-26 15:31:46 IST,36.35,71.39,115,4.4,"112km SE of Fayzabad, Afghanistan",3,4,112923,7,5948
2020-11-25 15:40:58 IST,0.12,97.66,10,4.5,"559km SW of Kuala Lumpur, Malaysia",2,7,83675,10,10970
2020-11-25 01:21:12 IST,37.17,71.75,23,3.9,"106km E of Fayzabad, Afghanistan",1,7,215580,11,4683
2020-11-23 19:11:51 IST,28.53,87.32,50,4,"156km NW of Yuksom, Sikkim, India",3,5,96258,16,8055
2020-11-23 02:13:47 IST,27.96,93.88,10,2.6,"79km W of Basar, Arunachal Pradesh, India",2,3,130891,14,14933
2020-11-22 23:58:24 IST,22.37,94.13,25,3.8,"146km SE of Champhai, Mizoram, India",1,3,2915,7,6688
2020-11-22 08:59:20 IST,26.31,94.63,23.2,4.4,"11km E of Mokokchung, Nagaland, India",0,3,56967,11,8291
2020-11-22 06:23:59 IST,21.89,79.45,10,2.7,"90km NNE of Nagpur, Maharashtra, India",0,2,45654,8,7562
2020-11-22 03:40:53 IST,21.89,79.8,10,1.8,"110km NE of Nagpur, Maharashtra, India",2,6,52281,3,12057
2020-11-22 03:12:11 IST,21.78,79.84,10,2.4,"105km NE of Nagpur, Maharashtra, India",0,3,120776,11,4039
2020-11-22 01:45:02 IST,22.1,79.55,10,4.3,"116km NNE of Nagpur, Maharashtra, India",1,3,151778,15,2598
2020-11-21 21:04:51 IST,36.29,70.88,100,4.6,"94km SSE of Fayzabad, Afghanistan",0,11,117231,5,11323
2020-11-21 19:34:51 IST,24.14,98.37,125,3.9,"339km N of Hkolam ,Myanmar",0,4,88667,13,6263
2020-11-21 16:09:38 IST,25.45,94.35,5,2.8,"34km SE of Kohima, Nagaland, India",2,10,68457,12,13710
2020-11-21 14:03:58 IST,25.49,94.33,16,2.7,"30km SE of Kohima, Nagaland, India",2,8,155679,7,9680
2020-11-21 12:48:42 IST,35.07,70.14,214,4.3,"102km NE of Kabul , Afghanistan",4,3,203562,7,8486
2020-11-21 10:19:36 IST,24.92,94.88,30,4,"40km E of Ukhrul, Manipur, India",4,7,106752,3,1103
2020-11-21 07:46:10 IST,36.15,70.82,10,4.3,"108km SSE of Fayzabad, Afghanistan",0,5,146968,11,10969
2020-11-21 06:54:40 IST,25.45,94.29,11.8,2.8,"31km SE of Kohima, Nagaland, India",2,3,117168,12,10306
2020-11-20 23:03:15 IST,38.12,74.44,10,4.1,"360km ENE of Fayzabad, Afghanistan",1,5,137775,11,9619
2020-11-20 21:04:14 IST,36.56,68.75,19.4,3.9,"171km WSW of Fayzabad, Afghanistan",2,6,41772,9,4055
2020-11-19 14:01:15 IST,36.4,68.93,10,4.9,"164km WSW of Fayzabad, Afghanistan",1,5,75593,8,14203
2020-11-19 02:47:34 IST,36.63,71.15,164,3.8,"74km SE of Fayzabad, Afghanistan",0,5,119773,16,4858
2020-11-19 02:31:03 IST,36.33,71.25,185,3.9,"105km SE of Fayzabad, Afghanistan",4,2,160624,11,2325
2020-11-19 01:20:31 IST,25.33,94.19,10,2.7,"32km NW of Shirui, Manipur, India",4,6,59093,6,14808
2020-11-18 16:03:44 IST,36.08,69.64,25,4.7,"139km SW of Fayzabad, Afghanistan",1,5,-1664,12,11206
2020-11-17 14:30:09 IST,36.35,70.15,100,4.4,"90km SSW of Fayzabad, Afghanistan",1,4,75086,7,6251
2020-11-17 13:05:23 IST,38.25,70.21,150,4.8,"128km ESE of Dushanbe, Tajikistan",3,7,150506,9,14041
2020-11-17 06:57:24 IST,25.3,72.73,10,3,"108km SSW of Jodhpur, Rajasthan, India",6,5,20805,10,1412
2020-11-16 21:00:47 IST,31.16,78.13,5,2.5,"56km NNW of Uttarkashi, Uttarakhand, India",1,6,41154,8,1360
2020-11-15 23:31:20 IST,30.92,78.01,5,3.3,"46km WNW of Uttarkashi, Uttarakhand, India",1,6,107795,10,10252
2020-11-15 12:19:34 IST,31.04,75.95,10,2.9,"47km SE of Jalandhar, Punjab, India",3,6,94201,6,2710
2020-11-15 08:00:03 IST,37.03,72.35,44,4.2,"159km E of Fayzabad, Afghanistan",3,3,129723,13,13761
2020-11-15 04:34:24 IST,25.51,90.67,10,2.7,"46km E of Tura, Meghalaya, India",1,5,38563,10,12613
2020-11-15 04:09:18 IST,19.92,72.88,5,2.4,"93km N of Mumbai, Maharashtra, India",2,4,83751,12,4630
2020-11-14 14:20:26 IST,23.53,94.5,30,5.2,"119km E of Champhai, Mizoram, India",2,8,159759,9,13338
2020-11-14 08:26:59 IST,30.29,67.65,70,5.4,"496km SSW of Kabul , Afghanistan",1,3,40355,13,691
2020-11-14 00:03:10 IST,5.7,95.8,10,4.9,"255km SE of Campbell Bay, Andaman and Nicobar island, India",2,2,173845,12,8252
2020-11-13 23:40:30 IST,36.6,72.04,90,4.3,"143km ESE of Fayzabad, Afghanistan",2,1,46629,9,14036
2020-11-13 21:04:04 IST,26.59,93.24,11,2.8,"45km E of Tezpur, Assam, India",2,7,142469,13,12837
2020-11-13 15:42:16 IST,39.52,74.04,10,4.1,"375km S of Bishkek, Kyrgyzstan",2,3,81352,4,5373
2020-11-13 15:39:47 IST,28.67,91.83,30,3.1,"121km N of Tawang, Arunachal Pradesh, India",2,2,42754,11,2783
2020-11-13 14:46:46 IST,39.6,74.35,10,4.4,"364km S of Bishkek, Kyrgyzstan",1,4,75155,8,3197
2020-11-13 08:45:37 IST,12.13,93.46,10,4.3,"97km NE of Portblair, Andaman and Nicobar island, India",1,6,127246,7,7741
2020-11-13 03:23:49 IST,26.45,93.61,11,3.7,"61km N of Dimapur, Nagaland, India",5,2,99657,10,8971
2020-11-13 02:51:28 IST,28.02,87.74,10,4.1,"86km NW of Yuksom, Sikkim, India",3,7,155923,6,540
2020-11-13 01:49:08 IST,37.01,71.3,85,4.7,"67km E of Fayzabad, Afghanistan",3,4,171787,4,6232
2020-11-12 23:22:30 IST,37.26,72.05,10,4.3,"134km E of Fayzabad, Afghanistan",1,10,40848,12,12464
2020-11-12 19:35:22 IST,28.35,84.28,10,3.6,"124km NW of Kathmandu, Nepal",2,8,37186,10,6692
2020-11-12 15:35:28 IST,23.88,94.54,25,3.7,"103km SE of Moirang, Manipur, India",7,6,34760,8,2579
2020-11-12 08:50:00 IST,36.47,70.81,200,4.1,"73km SSE of Fayzabad, Afghanistan",2,7,55040,11,14325
2020-11-12 08:36:22 IST,20,72.9,5,2.5,"93km W of Nashik, Maharashtra, India",2,3,155210,13,4030
2020-11-12 07:36:11 IST,35.34,71.05,100,4.2,"189km ENE of Kabul , Afghanistan",3,4,128018,8,11986
2020-11-12 02:29:33 IST,32.7,75.84,5,4,"70km NW of Dharamshala, Himachal Pradesh, India",0,8,72748,18,2947
2020-11-12 01:35:28 IST,31.21,78.26,15,2.8,"56km NNW of Uttarkashi, Uttarakhand, India",2,5,99444,7,6376
2020-11-11 20:19:25 IST,36.03,71.62,240,4.4,"152km SE of Fayzabad, Afghanistan",2,4,170215,11,7381
2020-11-11 13:10:40 IST,20.16,72.88,5,2.8,"96km W of Nashik, Maharashtra, India",2,4,195400,16,7534
2020-11-11 09:22:15 IST,24.6,93.56,29,3.4,"20km W of Bishnupur, Manipur, India",1,5,112969,14,7771
2020-11-11 05:55:51 IST,20.19,73.07,5,2.8,"78km WNW of Nashik, Maharashtra, India",2,5,-32964,13,3412
2020-11-11 04:11:50 IST,26.28,93.09,10,2.9,"50km SE of Tezpur, Assam, India",1,4,114864,10,7762
2020-11-10 23:54:00 IST,31.61,78.54,5,2.4,"98km N of Uttarkashi, Uttarakhand, India",2,3,146737,12,7251
2020-11-10 23:34:31 IST,36.83,72.26,95,4,"154km E of Fayzabad, Afghanistan",2,6,111231,6,3170
2020-11-10 20:07:39 IST,38.67,70.48,10,5.5,"147km E of Dushanbe, Tajikistan",5,8,136325,9,14823
2020-11-10 18:19:17 IST,36.35,72.57,49,3.6,"198km ESE of Fayzabad, Afghanistan",2,5,117853,9,12990
2020-11-10 16:58:31 IST,20.11,73.04,5,2.9,"79km W of Nashik, Maharashtra, India",2,5,38267,8,13319
2020-11-10 15:38:45 IST,20.12,72.978,5,2.3,"85km W of Nashik, Maharashtra, India",1,3,55688,18,10299
2020-11-10 10:15:40 IST,22.86,94.41,80,4.3,"129km ESE of Champhai, Mizoram, India",1,5,83942,11,2440
2020-11-10 09:48:42 IST,20.31,73.05,5,2.8,"84km WNW of Nashik, Maharashtra, India",0,5,153270,12,8542
2020-11-10 06:29:52 IST,26.49,94.98,5,2.7,"50km ENE of Mokokchung, Nagaland, India",0,10,61705,10,12330
2020-11-09 21:19:38 IST,20.17,72.91,8,3.1,"93km W of Nashik, Maharashtra, India",2,4,122795,5,629
2020-11-09 16:17:46 IST,20.13,72.82,5,3.4,"102km W of Nashik, Maharashtra, India",4,4,115184,13,7462
2020-11-09 15:40:28 IST,20.2,72.89,10,2.8,"96km WNW of Nashik, Maharashtra, India",2,9,179309,16,5972
2020-11-09 13:43:21 IST,20.23,72.95,5,2.4,"91km WNW of Nashik, Maharashtra, India",5,5,97916,6,3221
2020-11-09 08:49:22 IST,39.25,71.84,10,3.1,"264km NNE of Fayzabad, Afghanistan",1,4,12262,8,5704
2020-11-09 06:46:41 IST,21.89,79.57,12,3.4,"96km NNE of Nagpur, Maharashtra, India",1,2,132343,13,14753
2020-11-09 05:31:24 IST,20.14,72.88,5,3.4,"96km W of Nashik, Maharashtra, India",2,4,206902,11,10862
2020-11-09 03:14:20 IST,27.85,84.97,10,4.3,"37km WNW of Kathmandu, Nepal",0,4,135619,8,4528
2020-11-08 23:16:24 IST,33.44,75.67,10,3.4,"72km SSE of Pahalgam, Jammu and Kashmir, India",0,5,60616,13,9100
2020-11-08 18:56:27 IST,33.48,75.62,10,4,"65km SSE of Pahalgam, Jammu and Kashmir, India",4,2,45902,4,3737
2020-11-08 17:49:00 IST,37.29,71.91,164,4.6,"122km E of Fayzabad, Afghanistan",3,8,52351,9,9182
2020-11-08 15:02:43 IST,24.09,94.11,46,3.4,"56km SE of Moirang, Manipur, India",1,3,200165,15,13447
2020-11-08 14:42:25 IST,28.65,96.26,10,4.2,"107km NNW of Changlang, Arunachal Pradesh, India",2,5,83633,7,8375
2020-11-07 15:39:24 IST,21.55,73.15,10,4.2,"53km NE of Surat, Gujarat, India",0,4,66867,11,11013
2020-11-07 12:30:57 IST,10.44,93.26,71,3.6,"143km SSE of Portblair, Andaman and Nicobar island, India",0,5,92078,11,6827
2020-11-07 11:49:25 IST,14.45,92.34,53,4.2,"148km NNW of Diglipur, Andaman and Nicobar island, India",1,7,84154,14,7885
2020-11-07 07:38:39 IST,33.6,72.44,10,3.7,"57km W of Islamabad, Pakistan",2,6,178382,10,10441
2020-11-07 05:46:56 IST,35.58,71.18,10,4.3,"178km SSE of Fayzabad, Afghanistan",2,7,49276,11,12195
2020-11-07 04:29:19 IST,33.5,75.64,10,4.1,"64km SSE of Pahalgam, Jammu and Kashmir, India",1,3,159032,14,9908
2020-11-07 04:18:41 IST,33.28,75.85,10,2.8,"91km ENE of Katra, Jammu and Kashmir, India",0,8,106104,12,14663
2020-11-06 21:03:11 IST,35.37,75.54,37,3.8,"105km NNW of Kargil, Laddakh, India",3,3,160351,10,12306
2020-11-06 16:39:18 IST,28.78,76.78,5,2.1,"21km SE of Rohtak, Haryana, India",3,6,179130,14,11668
2020-11-06 08:36:49 IST,25.12,96.34,106,4.1,"188km E of Ukhrul, Manipur, India",3,6,104239,5,12684
2020-11-06 06:25:55 IST,32.87,76.2,11,2.9,"73km N of Dharamshala, Himachal Pradesh, India",5,6,84246,12,4254
2020-11-05 06:14:32 IST,34.77,76.82,30,3.1,"67km ENE of Kargil, Laddakh, India",2,3,103308,11,6509
2020-11-05 00:24:53 IST,28.29,91.74,10,3.3,"80km N of Tawang, Arunachal Pradesh, India",2,1,95261,7,8488
2020-11-04 22:57:40 IST,36.61,71.75,10,4.1,"119km ESE of Fayzabad, Afghanistan",3,6,17151,5,6962
2020-11-04 08:09:47 IST,38.54,69.69,147,4.2,"78km E of Dushanbe, Tajikistan",2,5,177624,5,12719
2020-11-04 03:56:18 IST,20.06,72.92,10,2.2,"91km W of Nashik, Maharashtra, India",2,2,112289,9,454
2020-11-04 03:54:53 IST,20,73.15,10,2.5,"66km W of Nashik, Maharashtra, India",2,4,41845,8,3177
2020-11-04 01:56:11 IST,23.85,94.58,170,3.4,"108km SE of Moirang, Manipur, India",6,10,-3376,9,13231
2020-11-03 19:01:52 IST,20.03,72.92,10,1.8,"90km W of Nashik, Maharashtra, India",4,3,-16379,12,933
2020-11-03 17:28:17 IST,24.39,92.53,20,3.5,"38km E of Dharmanagar, Tripura, India",1,11,138524,17,3443
2020-11-03 13:14:40 IST,29.91,68.75,10,4.2,"490km WNW of Bikaner, Rajasthan, India",6,2,69051,16,5301
2020-11-03 07:21:15 IST,0.35,98.51,135,4.6,"469km SW of Kuala Lumpur, Malaysia",1,3,77254,6,11273
2020-11-03 06:55:19 IST,35.49,73.28,10,3.7,"189km NNW of Gulmarg, Jammu and Kashmir, India",3,3,124407,7,8424
2020-11-03 01:13:17 IST,25.69,91.15,10,4.4,"71km WSW of Nongpoh, Meghalaya, India",1,2,74197,8,14321
2020-11-03 00:21:16 IST,36.48,70.8,235,4,"72km SSE of Fayzabad, Afghanistan",3,3,127326,7,3456
2020-11-02 23:31:34 IST,23.54,95.08,18,3.3,"166km SSE of Ukhrul, Manipur, India",4,6,104763,9,13088
2020-11-02 22:39:46 IST,22.92,93.01,10,3.6,"46km SSE of Thenzawl, Mizoram, India",3,6,95793,13,4279
2020-11-02 18:57:44 IST,20.07,72.91,5,1.5,"92km W of Nashik, Maharashtra, India",3,7,21362,18,3720
2020-11-02 14:14:33 IST,38.94,70.85,10,3.5,"183km ENE of Dushanbe, Tajikistan",2,3,59013,16,7500
2020-11-02 13:17:42 IST,26.36,64.06,10,4.3,"649km ENE of Muscat, Oman",4,5,130126,8,1114
2020-11-02 06:54:43 IST,32.97,78.55,10,3.5,"51km NW of Hanley, Jammu & Kashmir, India",4,2,65898,6,5795
2020-11-02 06:47:12 IST,25.49,66.58,10,4.3,"435km NW of Dwarka, Gujarat, India",1,5,160268,12,5367
2020-11-01 10:38:23 IST,26.043,71.498,10,2.4,"153km W of Jodhpur, Rajasthan, India",2,4,217320,16,2443
2020-11-01 08:01:37 IST,27.44,96.3,10,3.4,"47km SW of Changlang, Arunachal Pradesh, India",2,1,132819,4,12918
2020-11-01 04:46:13 IST,30.48,91,56,3.5,"333km NNW of Tawang, Arunachal Pradesh, India",2,3,174641,13,5819
2020-11-01 02:59:18 IST,38.39,77.1,10,4.2,"435km N of Kargil, Laddakh, India",2,3,136036,6,14729
2020-11-01 00:13:55 IST,28.21,92.43,67,3.4,"88km NE of Tawang, Arunachal Pradesh, India",2,8,73286,10,13500
2020-10-31 23:36:00 IST,34.56,78.17,10,3.8,"70km NE of Leh, Laddakh, India",4,10,110007,11,2962
2020-10-31 19:54:26 IST,25.2,94.76,10,3.1,"35km ENE of Shirui, Manipur, India",1,4,200666,10,7601
2020-10-31 18:16:37 IST,22,79.7,10,3.5,"114km NNE of Nagpur, Maharashtra, India",1,5,73822,7,9046
2020-10-31 17:20:41 IST,22.13,78.37,10,3.2,"38km S of Pachmarhi, Madhya Pradesh, India",1,6,48033,11,12293
2020-10-31 12:49:17 IST,22.01,79.55,10,3.1,"107km NNE of Nagpur, Maharashtra, India",2,3,43290,9,13290
2020-10-31 02:19:42 IST,20.39,97,5,3.6,"94km SW of Namsang, Myanmar",1,11,89123,13,9379
2020-10-31 01:42:43 IST,39.03,75.8,150,4.3,"439km SSE of Bishkek, Kyrgyzstan",1,5,49826,12,575
2020-10-30 21:21:38 IST,36.53,71.5,35,4.2,"105km SE of Fayzabad, Afghanistan",3,5,183700,7,7245
2020-10-30 03:47:24 IST,35.59,74.95,16,3.3,"157km NW of Kargil, Laddakh, India",2,3,110817,12,13277
2020-10-29 19:27:58 IST,23.27,94.6,10,3.5,"131km E of Champhai, Mizoram, India",1,7,148586,13,10725
2020-10-29 18:27:24 IST,22.93,95.99,10,3.6,"113km N of Burma, Myanmar",1,2,85066,12,13058
2020-10-29 15:53:04 IST,20,72.89,5,2.4,"94km W of Nashik, Maharashtra, India",3,5,42990,8,10127
2020-10-29 15:36:20 IST,32.02,76.22,6,2.3,"24km SSW of Dharamshala, Himachal Pradesh, India",0,4,34530,7,708
2020-10-29 15:02:40 IST,37.72,71.65,150,5.1,"119km NE of Fayzabad, Afghanistan",2,6,54600,10,14521
2020-10-29 10:50:48 IST,31.93,76.25,5,2.5,"32km SSW of Dharamshala, Himachal Pradesh, India",3,4,117376,5,13774
2020-10-29 01:19:56 IST,37.19,70.52,10,4.1,"10km NNW of Fayzabad, Afghanistan",0,5,125994,14,1942
2020-10-29 00:04:30 IST,29.31,80.94,10,3.8,"76km ESE of Pithoragarh, Uttarakhand, India",3,3,130159,10,1734
2020-10-28 16:18:28 IST,36.26,71.33,90,4.2,"116km SE of Fayzabad, Afghanistan",2,5,25566,10,8109
2020-10-28 11:41:36 IST,36.36,70.83,129,4.6,"86km SSE of Fayzabad, Afghanistan",3,6,99979,17,11367
2020-10-28 09:28:24 IST,38.8,68.49,10,4.2,"37km NW of Dushanbe, Tajikistan",2,3,48696,13,5763
2020-10-28 03:45:19 IST,34.95,76.15,10,2.1,"44km N of Kargil, Laddakh, India",2,7,120073,9,2088
2020-10-27 22:57:25 IST,25.86,71.4,10,2.9,"167km WSW of Jodhpur, Rajasthan, India",3,4,123953,7,7682
2020-10-27 04:10:50 IST,21.92,79.5,15,3.3,"96km NNE of Nagpur, Maharashtra, India",2,2,41391,6,5096
2020-10-26 19:46:58 IST,30.35,69.4,10,4.3,"459km NW of Bikaner, Rajasthan, India",3,12,148401,9,5308
2020-10-26 13:20:02 IST,31.21,77.74,10,3.5,"55km ENE of Shimla, Himachal Pradesh, India",2,4,216941,10,9692
2020-10-26 08:40:44 IST,39.93,71.07,74,4.4,"216km SE of Tashkent, Uzbekistan",0,2,141741,6,13289
2020-10-26 04:14:43 IST,36.13,71.97,10,4.8,"166km SE of Fayzabad, Afghanistan",1,7,91858,14,8400
2020-10-26 03:18:56 IST,29.96,78.95,10,2.7,"67km E of Rishikesh, Uttarakhand, India",3,1,84172,7,10329
2020-10-26 01:09:57 IST,36.49,71.43,50,4.1,"103km SE of Fayzabad, Afghanistan",2,0,89546,11,9916
2020-10-26 00:18:40 IST,36.81,72.4,50,4,"167km E of Fayzabad, Afghanistan",3,3,61963,8,8289
2020-10-25 23:42:52 IST,31.26,83.67,10,3.9,"380km ENE of Pithoragarh, Uttarakhand, India",1,10,112619,10,4695
2020-10-25 23:03:53 IST,39.63,73.89,10,3.8,"365km S of Bishkek, Kyrgyzstan",2,2,43076,9,5698
2020-10-25 20:44:07 IST,24.57,93.58,27,3.2,"19km WSW of Bishnupur, Manipur, India",0,9,5515,12,4769
2020-10-25 18:49:52 IST,19.95,72.88,5,3.2,"95km W of Nashik, Maharashtra, India",1,3,110980,6,13766
2020-10-25 17:44:52 IST,19.96,72.87,5,2.4,"96km W of Nashik, Maharashtra, India",1,6,101061,16,12407
2020-10-25 12:06:45 IST,27.22,88.68,5,3.6,"14km SSE of Gangtok, Sikkim",0,5,71441,11,8711
2020-10-24 17:49:56 IST,26.48,95.2,70,3.2,"70km ENE of Mokokchung, Nagaland, India",4,3,35865,12,13688
2020-10-24 17:40:54 IST,35.28,72.09,20,4.3,"198km NNW of Islamabad, Pakistan",6,8,114487,6,13301
2020-10-24 16:02:10 IST,27.4,86.54,150,3.6,"124km ESE of Kathmandu, Nepal",4,4,50491,12,13919
2020-10-24 11:11:56 IST,36.57,71.61,50,3.9,"111km ESE of Fayzabad, Afghanistan",3,5,93052,12,3365
2020-10-24 10:34:29 IST,31.35,76.84,7,3.2,"27km SSW of Mandi, Himachal Pradesh, India",1,4,188248,7,10776
2020-10-24 08:51:07 IST,23.44,92.08,50,4.1,"44km E of Amarpur, Tripura, India",4,4,132559,7,9157
2020-10-24 05:14:51 IST,36.18,71.26,10,3.7,"120km SSE of Fayzabad, Afghanistan",2,3,31543,10,11020
2020-10-24 04:06:32 IST,28.36,97.47,10,3.6,"106km NE of Changlang, Arunachal Pradesh, India",3,5,36257,10,3987
2020-10-24 01:23:06 IST,25.83,91.54,10,2.9,"29km W of Nongpoh, Meghalaya, India",2,3,107590,17,10437
2020-10-23 15:46:17 IST,39.29,64.48,10,4.4,"381km WNW of Dushanbe, Tajikistan",0,7,31233,18,6176
2020-10-23 12:15:25 IST,32.86,75.88,5,2.7,"82km NNW of Dharamshala, Himachal Pradesh, India",2,2,-86,14,12519
2020-10-23 11:54:34 IST,36.14,72.16,121,4.5,"179km SE of Fayzabad, Afghanistan",2,7,126618,8,11940
2020-10-23 04:32:27 IST,20.02,72.89,5,2.2,"94km W of Nashik, Maharashtra, India",3,4,116046,12,3209
2020-10-23 01:44:10 IST,34.89,66.96,39,4.1,"208km W of Kabul , Afghanistan",1,3,122529,13,2798
2020-10-22 20:42:26 IST,37.53,67.95,57,4.3,"136km SSW of Dushanbe, Tajikistan",0,3,113151,15,10780
2020-10-22 19:52:11 IST,37.82,69.09,87,3.9,"86km SSE of Dushanbe, Tajikistan",1,8,96734,11,8279
2020-10-22 10:26:58 IST,20.01,72.9,5,2.3,"93km W of Nashik, Maharashtra, India",3,10,66890,8,8380
2020-10-22 09:39:32 IST,20.01,72.9,5,2.7,"93km W of Nashik, Maharashtra, India",1,5,125806,10,11300
2020-10-22 01:59:41 IST,29.64,88.3,10,4,"221km NNW of Lachung, Sikkim, India",1,8,176494,15,12831
2020-10-21 19:26:03 IST,20.02,72.91,5,2.1,"92km W of Nashik, Maharashtra, India",2,1,74938,13,3622
2020-10-21 17:32:12 IST,36.12,70.63,84,5,"109km S of Fayzabad, Afghanistan",5,6,48962,10,8355
2020-10-21 15:45:02 IST,23.31,93.6,20,3.6,"32km ESE of Champhai, Mizoram, India",4,2,43244,11,12442
2020-10-21 09:51:31 IST,3.85,96.43,50,4.3,"448km SE of Campbell Bay, Andaman and Nicobar island, India",2,4,56663,6,13098
2020-10-21 04:28:47 IST,36.4,70.18,130,4.3,"84km SSW of Fayzabad, Afghanistan",2,4,110129,4,4346
2020-10-21 04:00:30 IST,38.29,75.21,136,4.5,"423km N of Kargil, Laddakh, India",5,8,-6981,12,1607
2020-10-21 01:25:42 IST,27.43,96.56,15,4.2,"35km SSW of Changlang, Arunachal Pradesh, India",1,7,121958,8,3530
2020-10-20 22:14:25 IST,25.61,93.98,20,2.3,"14km WSW of Kohima, Nagaland, India",2,4,132195,11,14185
2020-10-20 13:03:07 IST,37.55,72.71,105,4.4,"197km ENE of Fayzabad, Afghanistan",1,7,10096,12,6964
2020-10-20 10:05:19 IST,37.16,70.51,237,4.3,"7km NNW of Fayzabad, Afghanistan",3,5,51040,11,6307
2020-10-20 08:46:36 IST,20.02,72.92,5,2.5,"90km W of Nashik, Maharashtra, India",0,7,103984,10,245
2020-10-20 05:22:18 IST,38.14,70.6,10,4.2,"115km N of Fayzabad, Afghanistan",0,3,92826,10,812
2020-10-19 15:47:41 IST,39.46,72.91,10,4.4,"333km NE of Fayzabad, Afghanistan",2,4,125981,5,10047
2020-10-19 15:08:50 IST,3.1,96.33,10,5.1,"510km SSE of Campbell Bay, Andaman and Nicobar island, India",1,8,92943,11,8867
2020-10-19 12:36:50 IST,37.23,72.14,117,4.2,"141km E of Fayzabad, Afghanistan",1,7,163238,11,8654
2020-10-19 05:01:49 IST,37.45,71.75,10,3.6,"113km ENE of Fayzabad, Afghanistan",2,2,83941,9,1699
2020-10-19 04:44:02 IST,35.5,75.78,10,3.6,"110km NNW of Kargil, Laddakh, India",1,2,50848,13,5313
2020-10-19 02:22:56 IST,38.45,76.27,10,3.7,"433km N of Kargil, Laddakh, India",2,6,46827,6,12194
2020-10-19 01:35:17 IST,32.95,72.53,10,3.9,"94km SSW of Islamabad, Pakistan",2,8,136773,14,2664
2020-10-18 11:44:37 IST,37.22,72.16,10,4.5,"143km E of Fayzabad, Afghanistan",3,4,101481,7,13246
2020-10-18 05:47:45 IST,37.68,72.18,160,4.1,"157km ENE of Fayzabad, Afghanistan",3,6,131685,6,1866
2020-10-18 04:15:29 IST,38.21,77.08,10,4.3,"415km N of Kargil, Laddakh, India",1,8,130656,11,2578
2020-10-17 21:49:45 IST,31.79,68.73,40,4.3,"310km S of Kabul , Afghanistan",1,6,-992,10,7192
2020-10-17 21:41:48 IST,26.46,93.52,12,2.7,"64km NNW of Dimapur, Nagaland, India",1,4,42995,12,14182
2020-10-17 06:46:35 IST,36.57,70.52,19,4.8,"59km S of Fayzabad, Afghanistan",2,6,48968,11,4976
2020-10-16 23:51:10 IST,32.61,94.24,25,4.1,"506km NNW of Pangin, Arunachal Pradesh, India",2,6,59196,10,9890
2020-10-16 15:40:52 IST,36.62,71.26,10,5.2,"82km SE of Fayzabad, Afghanistan",1,4,78982,9,8850
2020-10-16 13:43:38 IST,29.32,68.19,100,4.5,"520km WNW of Bikaner, Rajasthan, India",1,4,149957,19,2286
2020-10-15 21:05:24 IST,24.65,93.59,36,3.5,"17km W of Bishnupur, Manipur, India",3,5,159924,8,3760
2020-10-15 19:05:00 IST,36.77,72.57,10,4.6,"183km E of Fayzabad, Afghanistan",1,9,85355,8,13955
2020-10-15 10:57:24 IST,36.26,71.82,104,4.1,"146km SE of Fayzabad, Afghanistan",5,5,87435,13,2813
2020-10-15 10:29:49 IST,3.78,95.9,10,4.9,"421km SSE of Campbell Bay, Andaman and Nicobar island, India",2,6,64728,11,10440
2020-10-14 23:06:39 IST,32.7,76.47,5,2.4,"55km NNE of Dharamshala, Himachal Pradesh, India",3,9,104459,5,14472
2020-10-14 15:43:52 IST,19.57,73.14,5,2.8,"61km NNE of Mumbai, Maharashtra, India",0,3,110126,8,1836
2020-10-14 09:52:40 IST,36.55,70.64,143,4.1,"61km S of Fayzabad, Afghanistan",3,10,140323,10,6017
2020-10-14 02:06:10 IST,35.21,68.79,10,4.1,"82km NNW of Kabul , Afghanistan",0,7,139921,10,3397
2020-10-14 00:16:37 IST,36.9,72.17,10,3.7,"145km E of Fayzabad, Afghanistan",4,6,-15105,10,3362
2020-10-13 16:38:54 IST,31.21,77.93,5,3.1,"72km NW of Uttarkashi, Uttarakhand, India",1,5,92372,7,1828
2020-10-13 07:55:27 IST,36.97,71.49,90,4.5,"84km E of Fayzabad, Afghanistan",2,5,169205,14,9760
2020-10-13 07:06:21 IST,23.24,93.89,82,4.1,"62km ESE of Champhai, Mizoram, India",3,9,78094,12,11207
2020-10-12 19:00:48 IST,36.72,72.81,10,3.8,"205km E of Fayzabad, Afghanistan",1,7,156962,7,10168
2020-10-12 01:54:50 IST,25.13,94.96,10,3.4,"53km ENE of Ukhrul, Manipur, India",0,7,84677,6,13873
2020-10-11 23:32:57 IST,19.93,72.82,5,2.3,"95km N of Mumbai, Maharashtra, India",2,5,108746,13,2227
2020-10-11 20:57:30 IST,27.82,97.39,121,3.8,"74km E of Changlang, Arunachal Pradesh, India",2,2,43155,9,4831
2020-10-11 19:06:35 IST,36.24,71.4,148,4.8,"122km SE of Fayzabad, Afghanistan",2,5,45037,12,5201
2020-10-11 17:14:52 IST,25.32,97.45,10,3.7,"281km SSE of Changlang, Arunachal Pradesh, India",0,4,136274,9,3519
2020-10-11 16:39:24 IST,4.5,96.63,149,4.7,"410km SE of Campbell Bay, Andaman and Nicobar island, India",3,7,144090,7,2175
2020-10-11 16:00:18 IST,27.31,75.48,5,2.2,"53km NW of Jaipur, Rajasthan, India",5,3,101321,7,7326
2020-10-11 15:55:40 IST,24.57,93.49,52,3.8,"28km WSW of Bishnupur, Manipur, India",1,3,38623,8,12524
2020-10-11 11:32:55 IST,30.155,70.245,30,4.5,"380km NW of Bikaner, Rajasthan, India",2,6,102190,6,14320
2020-10-11 01:52:09 IST,3.4,95.96,10,4.5,"461km SSE of Campbell Bay, Andaman and Nicobar island, India",2,3,162861,9,1983
2020-10-11 00:41:28 IST,27.2,92.07,10,2.5,"46km SSE of Tawang, Arunachal Pradesh, India",6,5,187143,13,12356
2020-10-10 23:39:06 IST,24.65,93.51,30,2.8,"25km W of Bishnupur, Manipur, India",1,3,84164,9,12377
2020-10-10 23:08:00 IST,24.69,93.47,28,5.3,"30km WNW of Bishnupur, Manipur, India",2,8,17006,13,5865
2020-10-10 23:00:25 IST,28.78,76.71,8,3,"16km SE of Rohtak, Haryana, India",1,3,142018,13,1694
2020-10-10 08:27:19 IST,19.99,72.84,5,2.6,"99km W of Nashik, Maharashtra, India",1,7,86201,11,14850
2020-10-10 06:09:26 IST,23.17,93.16,5,3.6,"36km SSW of Champhai, Mizoram, India",2,5,147152,15,9851
2020-10-09 11:27:35 IST,1.23,98.57,10,4.4,"406km WSW of Kuala Lumpur, Malaysia",0,6,114053,14,14733
2020-10-09 08:21:16 IST,27.66,91.88,10,3,"9km N of Tawang, Arunachal Pradesh, India",4,4,55827,8,7280
2020-10-09 03:12:50 IST,24.62,94.52,10,3.4,"34km S of Ukhrul, Manipur, India",2,6,102912,6,5958
2020-10-09 02:43:33 IST,32.8,76.53,5,3.3,"67km NNE of Dharamshala, Himachal Pradesh, India",3,7,165416,7,3745
2020-10-09 02:32:45 IST,32.85,76.76,5,2.5,"78km NNW of Manali, Himachal Pradesh, India",1,10,92542,3,14754
2020-10-09 02:31:29 IST,32.81,76.59,5,2.4,"70km NNE of Dharamshala, Himachal Pradesh, India",1,7,48259,9,3836
2020-10-09 02:28:59 IST,32.82,76.56,5,2.1,"70km NNE of Dharamshala, Himachal Pradesh, India",3,6,20567,9,405
2020-10-08 09:22:06 IST,35.36,75.81,10,4.2,"94km NNW of Kargil, Laddakh, India",2,4,61391,10,7711
2020-10-08 07:44:51 IST,36.21,68.92,10,4.1,"175km SW of Fayzabad, Afghanistan",2,6,79493,13,5686
2020-10-08 00:49:26 IST,19.94,72.91,5,2.8,"92km W of Nashik, Maharashtra, India",0,2,140999,12,3957
2020-10-07 21:48:15 IST,32.3,80.29,10,3.9,"130km ESE of Hanley, Jammu & Kashmir, India",1,2,43957,7,9537
2020-10-07 18:33:23 IST,29.74,95.78,10,4.1,"184km NNE of Pangin, Arunachal Pradesh, India",2,3,177687,6,5495
2020-10-07 16:24:18 IST,20.2,72.94,5,2.4,"91km WNW of Nashik, Maharashtra, India",0,9,33142,10,6063
2020-10-07 15:25:55 IST,33.81,78.72,10,3.3,"112km ESE of Leh, Laddakh, India",4,4,216574,7,394
2020-10-07 09:40:48 IST,39.76,73.88,10,3.8,"351km S of Bishkek, Kyrgyzstan",5,7,186275,17,8856
2020-10-07 03:32:56 IST,25.33,94.44,10,4.3,"22km N of Shirui, Manipur, India",0,8,107058,8,1874
2020-10-07 02:55:27 IST,36.78,71.75,94.3,4.2,"112km ESE of Fayzabad, Afghanistan",0,6,17615,7,3246
2020-10-06 21:33:31 IST,19.98,72.88,8,3.5,"95km W of Nashik, Maharashtra, India",6,3,97228,9,10770
2020-10-06 13:42:01 IST,39.53,73.46,10,4.4,"370km NE of Fayzabad, Afghanistan",0,6,80657,9,4732
2020-10-06 11:43:45 IST,34.03,78.89,10,4.4,"121km E of Leh, Laddakh, India",1,3,36285,9,2489
2020-10-06 05:13:20 IST,34.46,79.46,10,5.1,"176km ENE of Leh, Laddakh, India",0,7,114550,6,8682
2020-10-05 15:17:40 IST,28.86,76.73,10,2.5,"12km ESE of Rohtak, Haryana, India",3,6,58817,10,3262
2020-10-04 21:34:55 IST,39.09,71.49,10,3,"236km NNE of Fayzabad, Afghanistan",2,2,64254,12,4101
2020-10-04 17:28:01 IST,27.56,67.66,10,4.2,"551km WNW of Jodhpur, Rajasthan, India",3,1,89816,15,9339
2020-10-03 22:45:17 IST,36.5,71.19,10,3.8,"87km SE of Fayzabad, Afghanistan",5,2,71254,6,11110
2020-10-03 21:06:16 IST,26.13,91.22,10,3.9,"51km W of Guwahati, Assam, India",5,5,203907,7,11107
2020-10-03 19:53:08 IST,36.9,77.09,10,3.4,"274km NNE of Kargil, Laddakh, India",2,4,73214,19,7259
2020-10-03 02:45:18 IST,36.41,71.27,20,4,"100km SE of Fayzabad, Afghanistan",3,5,122044,9,6841
2020-10-02 23:23:00 IST,36.31,70.82,80,3.9,"91km SSE of Fayzabad, Afghanistan",6,8,107276,8,11825
2020-10-02 21:24:32 IST,26.78,89.33,10,3.7,"82km SSW of Thimphu, Bhutan",3,4,117637,11,2935
2020-10-02 12:46:34 IST,36.66,71.37,10,4,"87km ESE of Fayzabad, Afghanistan",2,6,121454,14,2325
2020-10-02 04:00:36 IST,32.93,75.87,10,2.7,"87km E of Katra, Jammu and Kashmir, India",3,3,144068,11,9987
2020-09-29 16:47:30 IST,35.17,68.81,81,4.3,"77km NNW of Kabul , Afghanistan",1,4,113322,8,6172
2020-09-29 15:40:12 IST,31.21,78.54,5,2.9,"54km N of Uttarkashi, Uttarakhand, India",1,8,111244,10,10664
2020-09-29 14:38:02 IST,34.5,77.14,22,3.2,"32km N of Alchi(Leh),Jammu & Kashmir,India",4,5,102923,11,3886
2020-09-29 09:10:41 IST,27.27,91.93,10,3.6,"34km S of Tawang, Arunachal Pradesh, India",0,7,93079,11,4906
2020-09-29 09:06:59 IST,27.35,92.11,5,3.5,"34km SE of Tawang, Arunachal Pradesh, India",6,2,54410,8,13455
2020-09-29 04:25:54 IST,20.06,72.9,5,2.4,"93km W of Nashik, Maharashtra, India",2,5,96956,10,6353
2020-09-29 01:38:15 IST,33.17,75.91,10,2.4,"93km ENE of Katra, Jammu and Kashmir, India",3,10,112063,17,8884
2020-09-28 10:42:37 IST,33.22,75.82,5,4.2,"86km ENE of Katra, Jammu and Kashmir, India",2,4,120108,11,1644
2020-09-28 03:46:27 IST,30.81,85.72,137,4.5,"346km N of Kathmandu, Nepal",0,5,109014,12,2723
2020-09-28 01:24:49 IST,36.32,71.07,177,4.9,"98km SSE of Fayzabad, Afghanistan",1,3,88352,8,586
2020-09-28 00:21:15 IST,36.49,70.62,235,4.3,"68km S of Fayzabad, Afghanistan",4,3,97146,9,6394
2020-09-27 23:47:59 IST,26.37,66.22,50,4.3,"536km NNW of Dwarka, Gujarat, India",3,8,72317,10,14834
2020-09-27 22:57:42 IST,34.34,78.36,10,5.1,"74km ENE of Leh, Laddakh, India",3,3,115661,5,13114
2020-09-27 15:56:01 IST,32.41,76.14,10,2.8,"27km NW of Dharamshala, Himachal Pradesh, India",5,7,88943,14,9511
2020-09-26 21:22:49 IST,36.57,71.24,143,4.3,"85km SE of Fayzabad, Afghanistan",1,8,109028,12,12923
2020-09-26 12:02:03 IST,34.7,74.22,10,4.5,"73km NNW of Gulmarg, Jammu and Kashmir, India",4,4,150040,8,8932
2020-09-26 09:34:48 IST,35.41,69.51,37.6,4.5,"99km NNE of Kabul , Afghanistan",1,5,64532,11,5563
2020-09-26 08:41:37 IST,33.28,68.12,130,4.3,"173km SW of Kabul , Afghanistan",1,6,129834,10,2644
2020-09-26 02:14:39 IST,34.8,78.05,10,3.7,"84km NNE of Leh, Laddakh, India",1,1,101660,10,9813
2020-09-25 17:29:05 IST,34.86,78.05,10,3.6,"89km NNE of Leh, Laddakh, India",0,2,201059,3,2936
2020-09-25 16:45:42 IST,34.28,78.2,5,2.6,"59km ENE of Leh, Laddakh, India",1,3,89184,11,6290
2020-09-25 16:27:06 IST,34.96,78.59,21,5.4,"129km NE of Leh, Laddakh, India",4,4,134758,7,12395
2020-09-24 19:40:20 IST,36.35,70.4,214,4.1,"84km S of Fayzabad, Afghanistan",2,4,100767,14,1981
2020-09-24 08:19:46 IST,36.55,73.94,10,3.7,"281km N of Gulmarg, Jammu and Kashmir, India",1,4,30584,10,1978
2020-09-24 05:46:57 IST,33.72,72.61,85,4.3,"40km W of Islamabad, Pakistan",1,3,73965,12,3404
2020-09-24 05:33:10 IST,36.48,70.34,213,4.2,"71km SSW of Fayzabad, Afghanistan",1,5,144023,5,8301
2020-09-24 00:26:42 IST,24.66,94.26,65,2.9,"37km ESE of Imphal, Manipur, India",2,5,78365,10,3813
2020-09-23 14:30:55 IST,20.06,72.91,3.5,2.6,"92km W of Nashik, Maharashtra, India",2,2,-11012,7,7572
2020-09-22 21:40:29 IST,34.15,74.7,5,3.6,"11km NW of Srinagar, Jammu and Kashmir, India",0,6,98429,13,4564
2020-09-22 05:49:44 IST,20.06,72.9,8,2,"93km W of Nashik, Maharashtra, India",2,3,45383,11,7618
2020-09-22 04:12:21 IST,20.07,72.9,10,2.1,"93km W of Nashik, Maharashtra, India",1,4,106590,9,4200
2020-09-22 02:50:43 IST,20.01,72.79,5,3.5,"104km N of Mumbai, Maharashtra, India",2,3,177557,11,14701
2020-09-22 01:28:33 IST,26.27,91.2,71,4.2,"55km WNW of Guwahati, Assam, India",2,6,138472,11,7416
2020-09-21 21:00:14 IST,31.18,78.51,10,3.5,"50km N of Uttarkashi, Uttarakhand, India",0,4,176832,8,11167
2020-09-21 19:45:06 IST,27.22,92.67,10,3.2,"64km N of Tezpur, Assam, India",2,1,71924,11,10523
2020-09-21 00:02:08 IST,20.12,72.98,5,2.4,"85km W of Nashik, Maharashtra, India",0,9,92841,8,7383
2020-09-20 21:57:15 IST,20.05,72.93,10,2.4,"90km W of Nashik, Maharashtra, India",3,7,47778,7,3620
2020-09-20 12:41:18 IST,20.17,72.95,5,2.8,"89km WNW of Nashik, Maharashtra, India",4,5,65797,10,7685
2020-09-20 07:29:06 IST,23,93.65,45,4.6,"60km SSE of Champhai, Mizoram, India",4,4,53655,12,10230
2020-09-20 04:30:23 IST,27.15,90.04,10,2.9,"53km SE of Thimphu, Bhutan",3,2,34663,4,6925
2020-09-19 23:26:54 IST,25.23,93.94,19,2.9,"45km N of Imphal, Manipur, India",3,4,168292,9,1274
2020-09-19 20:18:38 IST,26.24,90.15,10,3.8,"80km N of Tura, Meghalaya, India",2,5,-4598,7,318
2020-09-19 08:15:43 IST,32.74,76.36,5,2.8,"58km N of Dharamshala, Himachal Pradesh, India",0,4,168506,6,4951
2020-09-19 00:17:05 IST,37.64,72.45,12,3.8,"178km ENE of Fayzabad, Afghanistan",2,6,162302,15,2295
2020-09-19 00:07:47 IST,37.93,74.19,10,3.6,"334km ENE of Fayzabad, Afghanistan",3,3,124989,12,13597
2020-09-18 23:23:39 IST,23.41,94.51,20,4.3,"120km E of Champhai, Mizoram, India",1,7,44274,8,2678
2020-09-18 23:17:48 IST,37.92,73.82,10,5.1,"302km ENE of Fayzabad, Afghanistan",2,5,20891,16,5944
2020-09-18 14:07:41 IST,36.14,69.7,10,4.1,"131km SW of Fayzabad, Afghanistan",1,6,72579,12,10695
2020-09-17 22:12:42 IST,29.65,68.69,116,4.6,"485km WNW of Bikaner, Rajasthan, India",1,7,131256,8,12240
2020-09-17 11:41:35 IST,35.53,94.67,10,4.8,"823km N of Pangin, Arunachal Pradesh, India",2,2,100153,8,7191
2020-09-17 03:01:18 IST,36.35,72.28,200,4.4,"175km ESE of Fayzabad, Afghanistan",3,6,47825,5,2757
2020-09-16 23:32:50 IST,16.67,75.96,10,3,"157km NNW of Hampi, Karnataka, India",2,4,157410,8,4099
2020-09-16 15:53:25 IST,25.44,93.59,31,2.7,"43km SSW of Chumukedima, Nagaland, India",0,6,184219,6,6313
2020-09-16 05:04:04 IST,27.74,85.82,10,5.3,"48km E of Kathmandu, Nepal",3,3,88670,12,5500
2020-09-15 23:30:58 IST,25.38,95.06,155,3.7,"70km ENE of Shirui, Manipur, India",2,6,105466,5,5262
2020-09-15 11:39:57 IST,20.05,72.9,5,2.7,"93km W of Nashik, Maharashtra, India",2,8,24557,7,2021
2020-09-15 10:08:14 IST,31.68,93.73,120,4.2,"420km NNW of Pangin, Arunachal Pradesh, India",0,3,79280,12,13703
2020-09-15 04:08:16 IST,39.58,74.69,10,3.9,"366km S of Bishkek, Kyrgyzstan",4,7,125521,10,494
2020-09-14 23:56:57 IST,39.62,73.88,10,4,"366km S of Bishkek, Kyrgyzstan",2,15,117742,14,6628
2020-09-14 22:25:01 IST,36.55,71.75,145,3.9,"123km ESE of Fayzabad, Afghanistan",2,7,74616,9,14705
2020-09-14 16:16:28 IST,19.96,72.86,5,2.9,"97km W of Nashik, Maharashtra, India",1,6,86287,6,9912
2020-09-14 10:29:00 IST,34.02,64.92,130,4.8,"398km W of Kabul , Afghanistan",2,3,77639,12,5363
2020-09-14 06:38:58 IST,32.39,76.39,10,2.5,"20km NNE of Dharamshala, Himachal Pradesh, India",2,2,86076,10,2234
2020-09-13 23:58:55 IST,4.41,96.8,140,4.8,"431km SE of Campbell Bay, Andaman and Nicobar island, India",2,5,121161,7,14459
2020-09-13 20:40:47 IST,15.8,96.39,80,4.3,"118km SSE of Yangon, Myanmar",4,6,1623,10,259
2020-09-12 21:38:02 IST,17.28,73.71,5,2.5,"85km NW of Kolhapur, Maharashtra, India",0,6,96282,10,10236
2020-09-12 21:12:36 IST,27,92.14,10,2.9,"69km SSE of Tawang, Arunachal Pradesh, India",1,4,117498,8,13208
2020-09-11 23:39:10 IST,24.65,96.06,5,3.6,"162km E of Ukhrul, Manipur, India",4,1,71475,8,426
2020-09-11 22:42:38 IST,35.77,69.5,329,3.9,"137km N of Kabul , Afghanistan",0,6,76033,7,10891
2020-09-11 22:19:41 IST,19.89,62.95,276,3.5,"625km SE of Muscat, Oman",0,8,77480,12,14982
2020-09-11 12:42:55 IST,39,92.18,10,5.3,"1240km NNW of Pangin, Arunachal Pradesh, India",3,2,76047,7,9612
2020-09-11 09:15:55 IST,27.21,87.92,10,4.2,"33km WSW of Pelling, Sikkim, India",0,2,100294,9,6249
2020-09-11 07:35:39 IST,37.4,72.29,171,3.9,"157km ENE of Fayzabad, Afghanistan",1,2,106450,10,13122
2020-09-11 07:06:01 IST,19.99,72.83,5,3.6,"100km W of Nashik, Maharashtra, India",0,5,-5025,4,8334
2020-09-11 06:20:30 IST,33.33,75.62,5,2.9,"74km ENE of Katra, Jammu and Kashmir, India",1,7,132644,9,11254
2020-09-11 05:45:48 IST,20.02,72.67,10,2.5,"107km NNW of Mumbai, Maharashtra, India",2,7,85500,11,8837
2020-09-11 05:04:36 IST,19.94,72.7,10,2.2,"97km N of Mumbai, Maharashtra, India",2,9,196648,9,622
2020-09-11 03:57:50 IST,19.95,72.76,10,3.5,"98km N of Mumbai, Maharashtra, India",1,4,40417,8,3236
2020-09-11 03:53:24 IST,19.98,72.77,10,2.6,"101km N of Mumbai, Maharashtra, India",2,7,56634,11,1227
2020-09-11 03:45:12 IST,19.94,72.79,10,2.6,"96km N of Mumbai, Maharashtra, India",3,5,89854,10,1644
2020-09-11 03:43:34 IST,19.99,72.7,10,2.8,"103km N of Mumbai, Maharashtra, India",0,7,120661,11,280
2020-09-11 03:29:20 IST,19.84,72.41,10,3.5,"98km NNW of Mumbai, India",3,7,2461,4,6346
2020-09-11 02:08:30 IST,27.76,87.8,10,3.5,"60km NW of Yuksom, Sikkim, India",1,3,58544,6,2720
2020-09-11 01:53:33 IST,33.03,73.63,10,4.3,"74km WSW of Rajouri, Jammu and Kashmir",4,5,129566,9,12842
2020-09-10 22:24:57 IST,23.99,94.81,114,3.8,"110km SSE of Ukhrul, Manipur, India",5,5,52593,14,11263
2020-09-10 20:24:41 IST,37.34,72.07,190,3.8,"137km ENE of Fayzabad, Afghanistan",1,5,168501,9,8618
2020-09-10 11:36:18 IST,33.02,73.63,10,3.6,"74km WSW of Rajouri, Jammu and Kashmir",1,5,77305,11,7360
2020-09-10 06:37:21 IST,37.93,72.78,10,3.6,"217km ENE of Fayzabad, Afghanistan",4,8,55031,12,3875
2020-09-10 04:50:14 IST,28.12,89.95,10,3.1,"78km NNE of Thimphu, Bhutan",1,2,130512,10,7150
2020-09-10 02:19:43 IST,27.39,88.81,10,2.8,"20km ENE of Gangtok, Sikkim",1,6,180380,13,9636
2020-09-09 21:46:52 IST,36.75,72.27,10,4.6,"157km ESE of Fayzabad, Afghanistan",3,6,120819,7,11744
2020-09-09 16:24:10 IST,37.19,72.02,10,4,"130km E of Fayzabad, Afghanistan",2,6,163021,15,1271
2020-09-09 04:17:31 IST,20.05,72.9,10,3.2,"93km W of Nashik, Maharashtra, India",0,1,183831,15,10641
2020-09-09 01:18:13 IST,20.08,72.85,5,2.3,"98km W of Nashik, Maharashtra, India",1,10,53907,5,11153
2020-09-08 20:05:33 IST,20.01,72.89,10,2.6,"94km W of Nashik, Maharashtra, India",2,5,146919,7,8406
2020-09-08 10:15:54 IST,20.01,72.8,5,2.5,"103km W of Nashik, Maharashtra, India",1,3,23826,6,3254
2020-09-08 09:50:42 IST,20.01,72.8,10,3.8,"103km W of Nashik, Maharashtra, India",4,0,121245,8,8110
2020-09-08 05:47:28 IST,38.07,73.99,90,4.4,"321km ENE of Fayzabad, Afghanistan",3,7,96434,12,7565
2020-09-08 03:20:08 IST,10.46,92.03,20,4.2,"150km SSW of Portblair, Andaman and Nicobar island, India",0,4,162147,8,7161
2020-09-08 03:07:49 IST,13.22,93.18,20,4,"22km ESE of Diglipur, Andaman and Nicobar island, India",2,6,158612,12,6936
2020-09-08 00:01:05 IST,20,72.82,1.8,3.1,"101km W of Nashik, Maharashtra, India",4,4,128489,15,1706
2020-09-07 23:06:05 IST,26.44,93.42,32,3.1,"66km NNW of Dimapur, Nagaland, India",2,2,114921,8,2784
2020-09-07 17:04:53 IST,1.87,90.92,46,4.7,"660km SSW of Campbell Bay, Andaman and Nicobar island, India",1,4,125418,5,1505
2020-09-07 11:58:25 IST,26.47,95.85,10,4.3,"134km E of Mokokchung, Nagaland, India",2,9,103088,10,3675
2020-09-07 08:07:19 IST,19.99,72.8,5,3.5,"102km N of Mumbai, Maharashtra, India",2,4,96940,7,3988
2020-09-06 07:30:05 IST,27.83,92.24,10,3.4,"45km NE of Tawang, Arunachal Pradesh, India",2,5,172128,4,3713
2020-09-06 06:38:55 IST,9.88,94.01,82,4.3,"239km SE of Portblair, Andaman and Nicobar island, India",1,8,178144,14,3203
2020-09-06 04:58:17 IST,19.99,72.88,5,2,"95km W of Nashik, Maharashtra, India",0,2,92917,7,11044
2020-09-05 06:36:31 IST,19.96,72.83,5,2.7,"98km N of Mumbai, Maharashtra, India",3,2,111881,13,12287
2020-09-05 00:05:12 IST,19.99,72.88,5,3.6,"95km W of Nashik, Maharashtra, India",6,5,104082,9,4940
2020-09-04 23:41:54 IST,19.98,72.85,5,3.6,"98km W of Nashik, Maharashtra, India",1,4,19415,9,4611
2020-09-04 21:05:44 IST,25.68,90.29,10,2.4,"20km NNE of Tura, Meghalaya, India",2,8,83178,10,12668
2020-09-04 10:33:14 IST,19.9,72.83,10,2.8,"91km N of Mumbai, Maharashtra, India",2,6,179985,17,9377
2020-09-04 01:54:45 IST,24.5,94.49,32,2.4,"48km S of Ukhrul, Manipur, India",2,9,62511,14,4436
2020-09-02 14:09:48 IST,23.16,70.25,5,3.3,"110km NNW of Rajkot, Gujarat, India",2,7,205727,5,10718
2020-09-01 22:08:51 IST,31.89,93.56,150,3.8,"448km NNW of Basar, Arunachal Pradesh, India",2,2,158606,14,5201
2020-09-01 17:23:05 IST,3.63,96.03,10,4.7,"443km SSE of Campbell Bay, Andaman and Nicobar island, India",1,8,120074,9,8819
2020-09-01 15:47:00 IST,19.96,72.81,5,2.5,"98km N of Mumbai, Maharashtra, India",4,3,128042,15,14889
2020-09-01 08:26:49 IST,36.37,71,170,4.3,"90km SSE of Fayzabad, Afghanistan",3,5,54139,9,4558
2020-09-01 07:36:52 IST,26.37,96.67,190,3.4,"152km S of Changlang, Arunachal Pradesh, India",0,4,86738,3,13961
2020-09-01 02:39:33 IST,24.88,95.03,130,5.1,"55km E of Ukhrul, Manipur, India",2,5,172069,10,4843
2020-08-31 21:27:03 IST,25.22,94.42,50,3.7,"10km N of Shirui, Manipur, India",2,4,69273,10,8127
2020-08-31 19:13:29 IST,35.31,81.05,230,4.3,"342km ENE of Leh, Laddakh, India",3,8,153056,13,6926
2020-08-30 20:25:59 IST,28.09,88.14,65,3.8,"74km NW of Lachung, Sikkim, India",1,0,31147,16,11758
2020-08-30 18:42:51 IST,34.34,68.23,150,4.6,"92km WSW of Kabul , Afghanistan",2,7,40092,6,963
2020-08-30 17:32:53 IST,36.19,69.55,427,3.7,"134km SW of Fayzabad, Afghanistan",0,4,195069,3,9425
2020-08-30 16:20:14 IST,36.87,76.23,330,3.9,"257km N of Kargil, Laddakh, India",3,5,99408,10,11421
2020-08-30 15:15:41 IST,35.84,71.35,210,4.3,"157km SSE of Fayzabad, Afghanistan",3,2,73075,10,7108
2020-08-30 11:15:03 IST,34.37,70.1,40,4.3,"84km ESE of Kabul , Afghanistan",2,3,168137,6,1624
2020-08-30 01:03:30 IST,25.92,94.61,21,2.5,"39km ESE of Wokha, Nagaland, India",0,3,162291,12,3709
2020-08-29 08:29:20 IST,36.9,72.23,10,4.5,"150km E of Fayzabad, Afghanistan",3,1,146037,9,10211
2020-08-29 00:44:45 IST,23.27,93.24,10,3.7,"22km SSW of Champhai, Mizoram, India",2,3,71505,10,13436
2020-08-28 20:59:27 IST,19.95,72.82,5,2.6,"97km N of Mumbai, Maharashtra, India",4,4,85654,10,6353
2020-08-28 13:28:50 IST,33.27,72.53,10,4.4,"66km SW of Islamabad, Pakistan",1,4,115581,12,8428
2020-08-28 06:27:19 IST,23,93.27,5,3.3,"51km S of Champhai, Mizoram, India",3,7,134719,8,3464
2020-08-28 02:55:11 IST,27.51,92.8,5,2.5,"91km E of Tawang, Arunachal Pradesh, India",2,9,74575,6,6212
2020-08-28 01:02:46 IST,27.93,92.03,5,3.4,"42km NNE of Tawang, Arunachal Pradesh, India",4,1,108536,12,5085
2020-08-27 22:13:24 IST,27.13,92.48,10,3.4,"61km NNW of Tezpur, Assam, India",0,3,113369,15,9850
2020-08-27 18:47:23 IST,23.17,93.21,25,4.1,"34km SSW of Champhai, Mizoram, India",2,5,164338,13,14771
2020-08-27 18:16:10 IST,23.16,93.18,25,3.6,"36km SSW of Champhai, Mizoram, India",1,1,137723,16,12208
2020-08-27 17:37:18 IST,23.16,93.2,30,5.3,"35km SSW of Champhai, Mizoram, India",1,3,24659,10,2922
2020-08-27 01:52:11 IST,36.19,72.05,250,4,"167km SE of Fayzabad, Afghanistan",1,5,89318,11,8686
2020-08-26 13:30:42 IST,36.39,71.36,190,5.1,"107km SE of Fayzabad, Afghanistan",0,7,53560,10,1042
2020-08-26 07:54:02 IST,23.79,88.36,10,4.1,"110km ENE of Durgapur, West Bengal, India",1,4,128404,7,3741
2020-08-26 06:18:49 IST,35.663,82.446,10,4.6,"460km NE of Hanley, Jammu & Kashmir, India",2,6,146157,12,2624
2020-08-25 20:54:38 IST,29.44,80.84,10,3.8,"62km ESE of Pithoragarh, Uttarakhand, India",3,4,105077,12,5066
2020-08-25 18:18:08 IST,30.61,78.89,10,3.4,"45km ESE of Uttarkashi, Uttarakhand, India",5,3,86593,11,10198
2020-08-24 18:36:08 IST,25.63,96.44,90,4,"207km ESE of Mokokchung, Nagaland, India",3,5,103458,10,7515
2020-08-24 03:36:12 IST,27.7,96.79,120,3.7,"15km ESE of Changlang, Arunachal Pradesh, India",2,4,110445,7,13996
2020-08-23 22:37:46 IST,30.42,87.46,20,4.4,"328km NNW of Lachung, Sikkim, India",4,4,67995,10,3230
2020-08-23 22:07:42 IST,23.25,70.6,30,4.1,"107km NNW of Rajkot, Gujarat, India",3,4,39064,6,5494
2020-08-23 19:29:27 IST,19.9,72.71,5,2.7,"93km N of Mumbai, Maharashtra, India",2,5,-2506,10,4981
2020-08-23 18:54:37 IST,20.07,72.71,5,2.5,"111km N of Mumbai, Maharashtra, India",1,4,163359,10,3577
2020-08-23 18:48:14 IST,26.241,95.44,102,4.4,"92km E of Mokokchung, Nagaland, India",1,8,124818,9,14897
2020-08-23 18:47:15 IST,19.96,72.78,5,3.1,"98km N of Mumbai, Maharashtra, India",4,3,118125,7,5839
2020-08-23 17:23:22 IST,20.15,72.83,5,3,"101km W of Nashik, Maharashtra, India",5,5,163259,14,14110
2020-08-23 11:39:46 IST,19.92,72.79,10,2.8,"94km N of Mumbai, Maharashtra, India",1,4,37226,11,5887
2020-08-23 09:04:28 IST,36.46,70.59,10,4.5,"71km S of Fayzabad, Afghanistan",3,3,13218,9,3101
2020-08-23 08:32:21 IST,37.9,72.48,10,3.6,"192km ENE of Fayzabad, Afghanistan",2,5,119211,10,1832
2020-08-23 04:26:44 IST,22.98,94.02,98,3.7,"88km SE of Champhai, Mizoram, India",1,5,114663,13,12840
2020-08-22 12:43:24 IST,36.79,69.73,70,4,"80km WSW of Fayzabad, Afghanistan",2,5,13434,10,529
2020-08-22 12:41:05 IST,27.82,94.19,10,3.5,"52km WSW of Basar, Arunachal Pradesh, India",1,2,117976,12,14467
2020-08-22 06:52:33 IST,39.61,74.48,10,4.1,"363km S of Bishkek, Kyrgyzstan",2,4,79988,12,6301
2020-08-22 04:54:19 IST,39.339,71.93,10,4,"276km NNE of Fayzabad, Afghanistan",1,4,59645,11,3748
2020-08-21 12:07:34 IST,24.79,87.81,10,4.3,"117km ENE of Deoghar, Jharkhand, India",0,7,83328,15,9280
2020-08-20 16:33:55 IST,24.22,94.35,70,3.5,"65km ESE of Moirang, Manipur, India",2,2,-22076,8,2037
2020-08-20 10:58:23 IST,36.72,71.09,195,3.6,"64km SE of Fayzabad, Afghanistan",1,3,70431,8,1128
2020-08-20 02:23:03 IST,9.66,93.11,10,4.7,"222km S of Portblair, Andaman and Nicobar island, India",2,4,64785,15,12425
2020-08-19 20:38:56 IST,32.19,96.39,50,4.2,"462km NNE of Pangin, Arunachal Pradesh, India",3,5,127855,11,6398
2020-08-19 05:08:55 IST,34.23,81.12,240,4.1,"263km NE of Hanley, Jammu & Kashmir, India",0,7,92088,7,7797
2020-08-18 16:43:08 IST,36.87,71.44,65,4.3,"83km ESE of Fayzabad, Afghanistan",0,5,131943,9,2691
2020-08-18 14:54:59 IST,20.14,72.96,5,2.2,"88km W of Nashik, Maharashtra, India",2,3,-27476,9,968
2020-08-18 03:03:37 IST,30.48,87.08,140,3.9,"349km NNW of Lachung, Sikkim, India",1,2,58045,8,5548
2020-08-17 22:02:02 IST,30.082,94.598,128,4.3,"225km NNW of Pangin, Arunachal Pradesh, India",2,5,127799,14,7616
2020-08-17 16:53:45 IST,33,86.82,90,4.7,"604km NNE of Kathmandu, Nepal",3,7,84556,15,11493
2020-08-17 02:59:38 IST,26.67,92.79,40,2.6,"1km N of Tezpur, Assam, India",2,5,142273,5,7540
2020-08-16 23:00:52 IST,24.57,94.7,35,2.8,"46km SSE of Ukhrul, Manipur, India",3,5,9769,9,11748
2020-08-16 22:10:34 IST,30.89,95.47,10,4.5,"306km N of Pangin, Arunachal Pradesh, India",3,7,136555,11,1775
2020-08-16 19:09:08 IST,28.07,66.33,140,4.5,"685km W of Bikaner, Rajasthan, India",3,7,68043,8,1006
2020-08-16 03:28:22 IST,39.68,73.91,165,4.5,"359km S of Bishkek, Kyrgyzstan",2,10,63190,8,2424
2020-08-15 12:55:04 IST,36.8,71.29,250,3.9,"73km ESE of Fayzabad, Afghanistan",0,4,149552,5,11591
2020-08-15 10:22:44 IST,17.35,73.69,5,2.9,"92km NW of Kolhapur, Maharashtra, India",2,4,158095,15,11401
2020-08-15 00:36:11 IST,36.15,71.32,90,3.3,"126km SE of Fayzabad, Afghanistan",2,0,151734,7,2163
2020-08-14 21:17:11 IST,36.67,70.29,212,3.6,"53km SSW of Fayzabad, Afghanistan",2,3,201932,17,513
2020-08-14 21:13:50 IST,29.73,94.66,165,3.7,"186km NNW of Pangin, Arunachal Pradesh, India",3,3,163340,14,10294
2020-08-14 18:28:52 IST,29.66,94.2,195,4.1,"192km NNW of Basar, Arunachal Pradesh, India",1,2,60228,17,12836
2020-08-14 14:26:25 IST,25.24,65.37,10,4.3,"495km NW of Dwarka, Gujarat, India",2,9,107081,17,11323
2020-08-14 09:05:12 IST,36.79,70.72,10,3.1,"37km SSE of Fayzabad, Afghanistan",0,8,81990,10,3081
2020-08-14 08:36:12 IST,37.35,72.17,10,4,"146km ENE of Fayzabad, Afghanistan",0,8,201454,12,8777
2020-08-14 06:38:10 IST,23.12,93.24,10,4,"38km SSW of Champhai, Mizoram, India",2,4,155243,9,11372
2020-08-14 01:48:31 IST,25.87,93.27,14,2.5,"45km W of Dimapur, Nagaland, India",3,10,90555,17,3874
2020-08-13 23:37:16 IST,38.57,69.747,10,4.9,"83km E of Dushanbe, Tajikistan",1,3,143895,11,7939
2020-08-13 10:53:03 IST,30.41,94.54,10,4.2,"262km NNW of Pangin, Arunachal Pradesh, India",1,2,38390,5,4751
2020-08-13 09:57:59 IST,30.43,94.73,10,4.3,"259km NNW of Pangin, Arunachal Pradesh, India",4,2,112513,10,3422
2020-08-13 06:03:02 IST,39.23,95.28,10,4.5,"1233km N of Pangin, Arunachal Pradesh, India",1,2,53103,8,14545
2020-08-13 04:39:11 IST,28.16,67.02,10,4.5,"617km W of Bikaner, Rajasthan, India",2,6,15570,8,13693
2020-08-13 04:10:53 IST,28.12,66.49,30,5.4,"669km W of Bikaner, Rajasthan, India",0,2,139226,9,6712
2020-08-12 21:28:01 IST,30.37,95.79,178,4.6,"252km N of Pangin, Arunachal Pradesh, India",4,9,145429,9,2094
2020-08-12 19:37:34 IST,37.29,71.92,160,4.3,"123km E of Fayzabad, Afghanistan",3,8,122860,12,10932
2020-08-12 18:38:53 IST,39.04,74.73,10,4,"424km ENE of Fayzabad, Afghanistan",2,4,90851,7,3872
2020-08-12 16:01:24 IST,25.22,94.28,30,3,"17km NW of Shirui, Manipur, India",2,4,36682,10,2569
2020-08-12 04:18:40 IST,29.66,95.73,183,3.5,"174km NNE of Pangin, Arunachal Pradesh, India",3,3,41932,9,5753
2020-08-12 03:14:12 IST,20.87,94.86,80,4,"161km SW of Burma, Myanmar",3,9,51536,10,7971
2020-08-12 02:57:40 IST,29.56,94.93,35,3.7,"161km NNW of Pangin, Arunachal Pradesh, India",1,10,88316,15,1506
2020-08-11 23:44:16 IST,30.46,94.83,30,4.8,"261km N of Pangin, Arunachal Pradesh, India",3,5,153808,6,8597
2020-08-11 19:27:50 IST,24.11,93.8,15,4,"43km S of Moirang, Manipur, India",3,5,153020,9,279
2020-08-10 19:29:38 IST,36.7,70.18,190,3.6,"55km SW of Fayzabad, Afghanistan",0,9,17571,13,13383
2020-08-10 09:47:36 IST,19.92,72.81,3,2.9,"94km N of Mumbai, Maharashtra, India",4,2,65338,12,13815
2020-08-10 01:53:05 IST,31,80.12,10,3.9,"72km NE of Joshimath, Uttarakhand , India",4,5,63991,15,11009
2020-08-10 00:04:42 IST,36.632,70.146,248,3.6,"63km SW of Fayzabad, Afghanistan",2,5,-26579,9,7024
2020-08-09 23:05:28 IST,39.845,77.225,10,4.1,"403km SE of Bishkek, Kyrgyzstan",2,8,128306,11,3860
2020-08-09 22:43:34 IST,30.299,94.709,10,4.4,"246km NNW of Pangin, Arunachal Pradesh, India",2,6,87692,14,11174
2020-08-09 14:20:22 IST,29.65,94.49,200,4.1,"184km NNW of Pangin, Arunachal Pradesh, India",0,6,94342,10,13980
2020-08-09 12:09:25 IST,36.88,70.94,200,3.5,"42km SE of Fayzabad, Afghanistan",2,7,167293,11,2420
2020-08-09 06:49:03 IST,27.37,88.85,10,3.8,"24km E of Gangtok, Sikkim",2,5,104415,5,7014
2020-08-08 23:50:48 IST,36.37,68.96,90,4,"163km WSW of Fayzabad, Afghanistan",3,5,78463,5,4763
2020-08-08 16:48:37 IST,28.16,77.24,5,2.1,"28km SSW of Faridabad, Haryana, India",0,7,128603,14,5383
2020-08-08 14:14:08 IST,30.1,94.56,10,4.3,"228km NNW of Pangin, Arunachal Pradesh, India",1,4,152943,10,6116
2020-08-08 07:10:02 IST,19.18,84.11,16,3.8,"73km WSW of Berhampur, Odisha, India",3,4,114823,6,14279
2020-08-08 05:26:15 IST,26.6,92.59,10,3.5,"21km WSW of Tezpur, Assam, India",3,6,134459,7,3916
2020-08-07 23:06:20 IST,24.61,94.89,81,3.8,"54km SE of Ukhrul, Manipur, India",4,6,92721,13,7415
2020-08-07 19:55:18 IST,36.5,70.66,85,3.6,"67km S of Fayzabad, Afghanistan",0,4,95907,7,14274
2020-08-07 00:44:28 IST,27.65,75.76,26,3.1,"82km N of Jaipur, Rajasthan, India",3,3,105651,7,7167
2020-08-06 13:22:44 IST,36.07,71.35,200,3.5,"135km SSE of Fayzabad, Afghanistan",1,3,62343,8,12960
2020-08-06 11:57:16 IST,36.26,69.1,70,4.2,"159km SW of Fayzabad, Afghanistan",2,10,71596,8,928
2020-08-06 09:46:54 IST,27.24,92.08,20,3,"42km SSE of Tawang, Arunachal Pradesh, India",5,6,168893,5,14297
2020-08-06 05:04:53 IST,39.93,70.27,130,3.6,"175km SSE of Tashkent, Uzbekistan",0,6,200397,6,2853
2020-08-06 01:50:55 IST,28.807,76.719,5,2.9,"14km SE of Rohtak, Haryana, India",1,4,179609,7,14700
2020-08-05 18:02:02 IST,38.83,71,10,3.9,"194km E of Dushanbe, Tajikistan",3,1,33837,9,2674
2020-08-05 16:49:00 IST,31.47,90.22,140,4.2,"444km NNE of Lachung, Sikkim, India",3,5,29007,7,6693
2020-08-05 13:08:22 IST,36.58,70.87,150,3.8,"64km SSE of Fayzabad, Afghanistan",1,7,40464,9,4663
2020-08-05 04:07:00 IST,26.75,97.38,253,4,"132km SE of Changlang, Arunachal Pradesh, India",0,4,106719,5,6526
2020-08-04 23:29:17 IST,36.02,69.16,10,4.8,"162km N of Kabul , Afghanistan",3,3,-40436,8,3795
2020-08-04 08:29:53 IST,32.88,86.7,10,4.2,"589km NNE of Kathmandu, Nepal",3,5,70559,6,14481
2020-08-04 05:52:17 IST,24.36,93.59,30,3.5,"24km SW of Moirang, Manipur, India",0,7,170354,8,4620
2020-08-03 17:19:50 IST,21.44,72.81,5,3,"30km N of Surat, Gujarat, India",2,9,149121,9,9816
2020-08-03 16:54:17 IST,36.72,70.53,35,3.4,"42km S of Fayzabad, Afghanistan",0,2,74545,11,2104
2020-08-02 14:03:08 IST,36.2,71.07,10,3.1,"110km SSE of Fayzabad, Afghanistan",4,6,78332,9,12374
2020-08-02 06:10:06 IST,37.01,72.03,80,3.3,"131km E of Fayzabad, Afghanistan",0,2,128362,9,8160
2020-08-02 05:17:48 IST,39.77,77.3,10,4.8,"413km SE of Bishkek, Kyrgyzstan",2,3,146763,8,14692
2020-08-02 00:18:57 IST,37.475,72.094,184,4.1,"142km ENE of Fayzabad, Afghanistan",1,5,73343,9,6379
2020-08-01 22:44:13 IST,36.69,70.17,178,2.8,"56km SW of Fayzabad, Afghanistan",0,3,88281,12,2971
2020-08-01 12:01:42 IST,35.38,69.39,10,4.4,"93km N of Kabul , Afghanistan",1,4,71699,8,5222
2020-08-01 11:03:57 IST,34.57,82.23,10,4.2,"367km NE of Hanley, Jammu & Kashmir, India",2,5,33432,8,11067
2020-08-01 08:17:02 IST,34.44,81.77,10,4.1,"324km NE of Hanley, Jammu & Kashmir, India",5,4,89012,12,9903
2020-08-01 05:41:03 IST,36.98,71.45,80,4,"81km E of Fayzabad, Afghanistan",1,5,85203,11,11686
2020-08-01 04:49:26 IST,36.52,71.08,30,3.3,"79km SE of Fayzabad, Afghanistan",3,2,36967,12,1148
2020-08-01 00:28:58 IST,29.91,94.45,20,4,"212km NNW of Pangin, Arunachal Pradesh, India",1,4,132304,13,8726
2020-07-31 18:43:44 IST,36.59,70.9,130,3.5,"64km SSE of Fayzabad, Afghanistan",5,5,124166,11,13985
2020-07-31 16:50:16 IST,32.94,86.72,10,4.5,"596km NNE of Kathmandu, Nepal",2,6,134785,5,1663
2020-07-31 08:21:24 IST,37.62,70.78,65,3.6,"61km NNE of Fayzabad, Afghanistan",0,10,61596,12,1460
2020-07-31 00:08:46 IST,30.01,94.56,10,4.3,"219km NNW of Pangin, Arunachal Pradesh, India",1,5,821,12,10763
2020-07-30 22:52:32 IST,36.43,70.09,10,3.1,"85km SSW of Fayzabad, Afghanistan",2,6,123366,11,4761
2020-07-30 21:22:55 IST,30.13,95.08,10,3.9,"221km N of Pangin, Arunachal Pradesh, India",0,7,66794,11,9895
2020-07-30 19:05:45 IST,30.041,95.095,10,4.3,"211km N of Pangin, Arunachal Pradesh, India",1,4,55466,12,8203
2020-07-30 02:50:42 IST,31.28,74.57,11,3.1,"48km SW of Amritsar, Punjab, India",3,7,37147,8,14791
2020-07-30 02:24:33 IST,28.25,88.06,147,4.3,"91km NW of Lachung, Sikkim, India",0,6,86233,14,13341
2020-07-29 22:58:03 IST,29.91,94.64,145,4.3,"206km NNW of Pangin, Arunachal Pradesh, India",0,2,178866,10,10187
2020-07-29 22:54:09 IST,32.67,69.8,86,4.1,"216km SSE of Kabul , Afghanistan",2,3,74727,9,3962
2020-07-29 16:37:19 IST,29.72,95.15,153.1,4.4,"175km N of Pangin, Arunachal Pradesh, India",2,4,45509,10,3965
2020-07-29 14:40:45 IST,36.28,71.08,10,3.6,"102km SSE of Fayzabad, Afghanistan",2,4,132596,10,13239
2020-07-29 11:38:08 IST,25.99,94.96,16,3.6,"57km SE of Mokokchung, Nagaland, India",4,5,108640,8,8800
2020-07-29 05:59:52 IST,25.58,94.19,5,2.8,"13km SE of Kohima, Nagaland, India",3,7,-5965,8,11849
2020-07-29 01:19:45 IST,19.964,72.843,6,2.8,"98km N of Mumbai, Maharashtra, India",1,3,133117,5,6775
2020-07-28 23:06:13 IST,36.7,70.16,176,3.1,"56km SW of Fayzabad, Afghanistan",3,3,206423,13,1590
2020-07-28 20:08:52 IST,23.22,93.26,10,4.4,"27km SSW of Champhai, Mizoram, India",1,6,-30026,10,5023
2020-07-28 15:37:34 IST,36.47,70.9,10,3.9,"76km SSE of Fayzabad, Afghanistan",3,3,38214,8,2459
2020-07-28 15:11:04 IST,36.75,71.21,10,4.8,"70km ESE of Fayzabad, Afghanistan",3,9,-42426,8,11738
2020-07-28 09:02:55 IST,30.21,94.65,154,4.8,"237km NNW of Pangin, Arunachal Pradesh, India",2,7,96234,13,10522
2020-07-28 01:04:15 IST,24.56,94.55,60,3,"42km S of Ukhrul, Manipur, India",3,5,149519,13,1371
2020-07-27 13:41:21 IST,32.592,76.346,10,3.1,"41km N of Dharamshala, Himachal Pradesh, India",2,6,105275,10,9339
2020-07-27 11:20:26 IST,30.08,94.56,30,4.6,"226km NNW of Pangin, Arunachal Pradesh, India",3,6,169599,6,13118
2020-07-27 10:59:44 IST,32.574,67.136,10,5.4,"292km SW of Kabul , Afghanistan",1,3,141527,11,10475
2020-07-27 06:48:33 IST,25.09,95.04,10,4.1,"59km ENE of Ukhrul, Manipur, India",3,8,185107,10,7691
2020-07-27 03:31:25 IST,0.73,98.71,10,4.9,"425km SW of Kuala Lumpur, Malaysia",2,10,158010,10,4712
2020-07-26 23:39:36 IST,30.69,95.73,10,3.8,"286km N of Pangin, Arunachal Pradesh, India",4,6,79852,12,13312
2020-07-26 21:01:04 IST,33.38,93,10,4.2,"621km NNW of Pangin, Arunachal Pradesh, India",3,7,103336,9,6370
2020-07-26 17:13:53 IST,36.01,71.163,85,4.2,"133km SSE of Fayzabad, Afghanistan",1,2,56566,15,12838
2020-07-25 21:28:55 IST,29.2,94.29,160,4.2,"141km NNW of Basar, Arunachal Pradesh, India",1,5,88467,10,11755
2020-07-25 11:44:43 IST,37.66,75.82,10,3.9,"346km N of Kargil, Laddakh, India",2,8,103091,8,12252
2020-07-25 05:52:00 IST,23.03,94.38,95,4,"117km ESE of Champhai, Mizoram, India",4,6,95754,7,14847
2020-07-24 19:04:30 IST,30.25,94.78,10,4.5,"239km NNW of Pangin, Arunachal Pradesh, India",2,2,167112,16,11243
2020-07-24 16:07:36 IST,28.12,65.16,10,5,"757km NNW of Dwarka, Gujarat, India",3,3,83491,9,558
2020-07-24 11:16:00 IST,23.27,93.53,10,3.8,"29km SE of Champhai, Mizoram, India",1,10,53395,10,3121
2020-07-24 11:08:13 IST,26.18,93.04,25,3.5,"58km SSE of Tezpur, Assam, India",2,3,56519,9,576
2020-07-24 06:02:18 IST,29.14,77.18,10,3,"58km N of New Delhi, India",4,4,132755,8,2889
2020-07-24 05:11:19 IST,33.05,75.89,5,3,"89km E of Katra, Jammu and Kashmir, India",4,9,29843,10,968
2020-07-24 00:26:42 IST,19.96,72.83,5,3.1,"98km N of Mumbai, Maharashtra, India",1,2,89940,5,7549
2020-07-23 22:16:11 IST,37.49,68.06,30,4,"134km SSW of Dushanbe, Tajikistan",3,5,166375,10,471
2020-07-23 19:18:11 IST,37.34,69.38,40,3.2,"107km WNW of Fayzabad, Afghanistan",0,1,114629,13,7115
2020-07-23 18:32:53 IST,36.66,71.36,150,4.2,"87km ESE of Fayzabad, Afghanistan",2,5,96269,13,13487
2020-07-23 16:20:17 IST,32.82,86.68,200,4.6,"582km NNE of Kathmandu, Nepal",5,9,98204,12,11241
2020-07-23 11:36:30 IST,38.48,69.35,10,3.2,"49km E of Dushanbe, Tajikistan",1,2,48521,4,14162
2020-07-23 10:31:33 IST,38.59,69.86,30,3.4,"93km E of Dushanbe, Tajikistan",2,5,57143,9,3438
2020-07-23 08:08:06 IST,36.18,71.2,10,3.8,"117km SSE of Fayzabad, Afghanistan",2,6,90240,6,7989
2020-07-23 06:17:31 IST,30.21,96.81,10,4.6,"274km NNE of Pangin, Arunachal Pradesh, India",0,7,113563,16,4812
2020-07-23 03:58:34 IST,33.1,86.73,10,4.5,"613km NNE of Kathmandu, Nepal",3,3,147407,11,7432
2020-07-23 02:51:59 IST,24.69,95.04,10,3.8,"62km ESE of Ukhrul, Manipur, India",1,7,104628,12,8378
2020-07-23 02:20:47 IST,34.6,71.51,10,4.2,"174km NW of Islamabad, Pakistan",4,7,167638,8,590
2020-07-23 01:37:25 IST,33,86.8,10,6.2,"604km NNE of Kathmandu, Nepal",5,6,180259,16,3537
2020-07-23 01:02:07 IST,36.58,70.53,10,3.9,"57km S of Fayzabad, Afghanistan",3,4,139763,9,10586
2020-07-22 22:43:49 IST,39.09,69.29,10,2.9,"73km NE of Dushanbe, Tajikistan",2,10,161249,9,11605
2020-07-22 18:33:08 IST,32.302,76.629,3,2.9,"30km ENE of Dharamshala, Himachal Pradesh, India",0,6,50464,9,8563
2020-07-22 17:22:21 IST,32.301,76.629,5,2.7,"30km ENE of Dharamshala, Himachal Pradesh, India",3,8,42540,6,4098
2020-07-22 14:25:08 IST,36.513,70.819,192,4.2,"69km SSE of Fayzabad, Afghanistan",1,3,125898,3,6106
2020-07-22 11:49:30 IST,33.85,72.28,180,4.1,"73km WNW of Islamabad, Pakistan",1,6,32939,6,1485
2020-07-22 02:02:01 IST,36.53,71.14,196,3.9,"82km SE of Fayzabad, Afghanistan",1,9,85481,12,14300
2020-07-22 01:08:45 IST,36.47,70.95,18,3.8,"78km SSE of Fayzabad, Afghanistan",1,3,138559,5,13036
2020-07-21 11:48:54 IST,30.29,94.8,46,4.5,"243km N of Pangin, Arunachal Pradesh, India",2,7,170668,7,1030
2020-07-21 04:22:58 IST,12.76,95.44,10,4.2,"272km E of Diglipur, Andaman and Nicobar island, India",2,4,87289,11,2539
2020-07-21 00:51:43 IST,30.33,94.75,35,4.6,"248km NNW of Pangin, Arunachal Pradesh, India",1,3,67502,8,8737
2020-07-20 23:55:29 IST,37.42,72.12,204,4.7,"143km ENE of Fayzabad, Afghanistan",0,9,116023,8,3524
2020-07-20 22:02:29 IST,33.01,75.87,5,3.5,"87km E of Katra, Jammu and Kashmir, India",5,4,46322,11,14019
2020-07-20 13:33:50 IST,36.23,69.38,198,4.2,"142km SW of Fayzabad, Afghanistan",0,4,91336,11,11346
2020-07-20 10:32:10 IST,31.13,70.22,30,4.4,"388km SW of Islamabad, Pakistan",0,3,99599,10,4135
2020-07-20 06:06:54 IST,30,93.75,10,4,"242km NNW of Basar, Arunachal Pradesh, India",1,2,98600,9,141
2020-07-20 05:06:43 IST,30.28,94.72,32,4.4,"243km NNW of Pangin, Arunachal Pradesh, India",1,3,104425,8,12001
2020-07-20 03:51:28 IST,36.48,70.7,230,4.3,"70km SSE of Fayzabad, Afghanistan",3,6,58274,10,6390
2020-07-20 03:39:38 IST,23.24,93.29,20,3.2,"24km S of Champhai, Mizoram, India",1,12,63650,11,9653
2020-07-20 02:30:47 IST,24.98,94.63,10,3.5,"16km ENE of Ukhrul, Manipur, India",0,7,62644,13,4340
2020-07-19 21:33:59 IST,17.36,73.92,10,3.5,"80km NNW of Kolhapur, Maharashtra, India",1,4,18995,13,2185
2020-07-19 15:45:50 IST,30.43,94.86,35,4.8,"257km N of Pangin, Arunachal Pradesh, India",4,7,117091,15,10145
2020-07-19 11:53:04 IST,35.94,77.21,40,4.1,"182km NNE of Kargil, Laddakh, India",2,5,144732,14,6782
2020-07-19 10:26:14 IST,21.33,95.3,30,3.7,"93km SW of Burma, Myanmar",0,8,139815,5,3565
2020-07-19 05:28:13 IST,36.41,70.27,10,3.8,"80km SSW of Fayzabad, Afghanistan",3,4,86875,11,2107
2020-07-19 05:03:59 IST,37.33,71.62,10,4.2,"98km ENE of Fayzabad, Afghanistan",1,7,59449,10,8728
2020-07-19 02:44:50 IST,35.41,70.67,10,4.5,"163km NE of Kabul , Afghanistan",1,5,137215,12,10896
2020-07-19 02:06:55 IST,29.9,95.19,10,3.1,"195km N of Pangin, Arunachal Pradesh, India",0,2,131946,13,4294
2020-07-19 01:36:49 IST,37.29,74.76,10,3.9,"328km NNW of Kargil, Laddakh, India",3,4,110871,10,11040
2020-07-19 00:24:30 IST,37.39,74.64,10,4.3,"342km NNW of Kargil, Laddakh, India",1,6,187215,12,2787
2020-07-19 00:08:21 IST,21.81,97.21,10,4.4,"72km NNE of Lawksawk, Myanmar",0,6,98678,11,5109
2020-07-18 23:57:59 IST,36.99,71.37,90,3.6,"73km E of Fayzabad, Afghanistan",2,4,87155,9,11185
2020-07-18 20:31:36 IST,23.31,93.48,10,3.5,"22km SE of Champhai, Mizoram, India",3,3,80009,5,9919
2020-07-18 18:15:49 IST,37.28,71.95,130,4.3,"125km E of Fayzabad, Afghanistan",1,4,21956,0,4094
2020-07-18 04:25:41 IST,24.74,92.6,63,4,"60km NE of Dharmanagar, Tripura, India",5,5,133066,7,1875
2020-07-18 02:21:21 IST,36.69,71.33,190,4.7,"83km ESE of Fayzabad, Afghanistan",3,7,94725,15,684
2020-07-18 00:03:00 IST,11.77,95.17,10,5.7,"266km E of Portblair, Andaman and Nicobar island, India",3,10,125496,11,12576
2020-07-17 23:15:28 IST,11.48,95.42,10,4.5,"293km E of Portblair, Andaman and Nicobar island, India",4,7,192093,3,1173
2020-07-17 22:35:35 IST,23.19,93.27,80,3.7,"30km S of Champhai, Mizoram, India",1,5,80462,12,1766
2020-07-17 22:03:58 IST,23.29,93.35,78,5.1,"18km S of Champhai, Mizoram, India",2,3,-16900,14,3603
2020-07-17 20:12:52 IST,8.87,95.49,185,5,"270km NE of Campbell Bay, Andaman and Nicobar island, India",2,4,124053,5,6712
2020-07-17 19:33:42 IST,11.91,95.14,10,5.6,"264km E of Portblair, Andaman and Nicobar island, India",2,4,108342,3,11857
2020-07-17 18:59:04 IST,11.47,95.12,62.3,5.1,"261km E of Portblair, Andaman and Nicobar island, India",2,8,63377,11,3749
2020-07-17 15:56:42 IST,23.17,93.22,10,4.2,"33km SSW of Champhai, Mizoram, India",3,8,119863,13,8175
2020-07-17 15:31:01 IST,35.39,69.42,150,4.6,"94km N of Kabul , Afghanistan",3,4,139304,8,1401
2020-07-17 11:07:36 IST,11.85,95.65,10,4.5,"319km E of Portblair, Andaman and Nicobar island, India",2,4,52669,9,6994
2020-07-17 10:31:14 IST,11.73,95.02,10,4.8,"250km E of Portblair, Andaman and Nicobar island, India",3,8,84933,12,2705
2020-07-17 04:55:36 IST,32.99,75.88,5,3.9,"88km E of Katra, Jammu and Kashmir, India",1,4,173837,15,3207
2020-07-16 19:49:01 IST,36.76,71.41,150,4.3,"85km ESE of Fayzabad, Afghanistan",3,6,63918,14,5534
2020-07-16 19:04:47 IST,24.14,94.6,80,4.5,"88km S of Ukhrul, Manipur, India",5,6,103333,12,11432
2020-07-16 18:38:53 IST,33.03,75.9,10,4.1,"90km E of Katra, Jammu and Kashmir, India",0,1,-31220,11,11172
2020-07-16 15:22:31 IST,23.98,96.6,10,3.6,"239km ESE of Ukhrul, Manipur, India",1,5,25907,9,6253
2020-07-16 13:09:30 IST,26.49,90.12,11,2.6,"108km N of Tura, Meghalaya, India",2,3,107875,14,1824
2020-07-16 07:57:38 IST,24.54,92.4,18,4.1,"30km NE of Dharmanagar, Tripura, India",0,9,161399,7,4246
2020-07-16 07:40:29 IST,22.21,70.93,10,4.5,"16km SE of Rajkot, Gujarat, India",2,4,31898,12,7605
2020-07-16 06:51:55 IST,24.65,94.92,15,3.7,"54km SE of Ukhrul, Manipur, India",0,8,103728,13,13047
2020-07-16 04:47:03 IST,31.69,76.21,10,2.3,"59km S of Dharamshala, Himachal Pradesh, India",2,8,81214,8,14525
2020-07-16 02:05:00 IST,34.29,70.04,65,3.7,"81km ESE of Kabul , Afghanistan",1,2,147654,6,9580
2020-07-15 23:04:00 IST,36.97,72.48,134,4.5,"171km E of Fayzabad, Afghanistan",3,6,39109,8,5292
2020-07-15 10:15:36 IST,36.26,70.38,180,4.2,"94km S of Fayzabad, Afghanistan",2,9,121503,9,10417
2020-07-15 05:34:32 IST,36.36,70.29,250,3.4,"85km SSW of Fayzabad, Afghanistan",5,4,67315,4,5076
2020-07-14 22:32:26 IST,36.39,69.43,10,3.3,"127km SW of Fayzabad, Afghanistan",3,4,111151,12,9400
2020-07-14 15:46:37 IST,37.42,68.56,10,3.5,"128km S of Dushanbe, Tajikistan",1,6,103446,9,3694
2020-07-14 14:57:12 IST,23.32,94.35,72,3.9,"105km E of Champhai, Mizoram, India",1,13,87411,11,4041
2020-07-14 13:04:24 IST,36.37,71.17,121,5.5,"98km SE of Fayzabad, Afghanistan",3,6,123890,13,1174
2020-07-14 08:32:59 IST,26.56,94.87,10,3.5,"44km NE of Mokokchung, Nagaland, India",0,8,102182,15,6331
2020-07-13 10:27:50 IST,26.36,91.57,60,2.5,"29km NW of Guwahati, Assam, India",0,8,93359,11,9291
2020-07-13 06:28:44 IST,5.31,94.31,10,5.2,"194km SSE of Campbell Bay, Andaman and Nicobar island, India",1,1,82179,7,11842
2020-07-13 03:40:37 IST,36.01,83.46,30,4.3,"553km NE of Hanley, Jammu & Kashmir, India",1,8,103879,10,12164
2020-07-13 02:36:53 IST,14.64,93.11,27,4.3,"153km N of Diglipur, Andaman and Nicobar island, India",2,4,111102,11,14887
2020-07-13 01:27:54 IST,36.659,67.898,60,3.6,"225km SSW of Dushanbe, Tajikistan",4,4,50542,10,1361
2020-07-12 23:34:10 IST,37.01,73.1,150,3.7,"226km E of Fayzabad, Afghanistan",2,2,82526,3,7422
2020-07-12 20:45:16 IST,36.76,71.01,150,3.6,"55km SE of Fayzabad, Afghanistan",6,6,47240,8,7844
2020-07-12 13:41:28 IST,39.19,72.56,10,3.3,"291km NE of Fayzabad, Afghanistan",1,6,98007,11,12077
2020-07-12 10:31:39 IST,37.99,69.16,10,3.3,"71km SSE of Dushanbe, Tajikistan",2,3,70383,15,4032
2020-07-12 08:19:25 IST,36.29,70.99,108,5,"98km SSE of Fayzabad, Afghanistan",1,5,138539,7,1087
2020-07-11 15:13:13 IST,38.35,73.03,50,3.5,"258km NE of Fayzabad, Afghanistan",3,8,133636,10,4740
2020-07-11 13:03:41 IST,37.44,72.25,174,4.3,"155km ENE of Fayzabad, Afghanistan",3,9,53862,13,14759
2020-07-11 10:27:37 IST,36.58,70.66,178,4.1,"58km S of Fayzabad, Afghanistan",2,3,99884,9,13496
2020-07-11 09:50:06 IST,36.68,70.7,260,4.3,"48km SSE of Fayzabad, Afghanistan",4,2,131925,10,5958
2020-07-10 15:03:45 IST,37.3,71.9,141,4.4,"121km E of Fayzabad, Afghanistan",2,7,91234,7,13150
2020-07-10 09:56:30 IST,28.99,98.73,86.4,4.4,"246km NE of Changlang, Arunachal Pradesh, India",3,6,63589,11,539
2020-07-10 07:18:11 IST,36.89,70.44,215,3,"25km SSW of Fayzabad, Afghanistan",2,6,45379,4,4747
2020-07-10 03:24:57 IST,37.33,68.15,30,3.8,"147km SSW of Dushanbe, Tajikistan",2,6,142713,7,10915
2020-07-10 00:03:06 IST,36.62,69.92,84,3.4,"77km SW of Fayzabad, Afghanistan",1,4,145135,7,3360
2020-07-09 14:28:16 IST,23.3,93.18,10,4.3,"23km SW of Champhai, Mizoram, India",3,6,89602,11,3015
2020-07-09 12:09:59 IST,39.34,69.34,149,4.5,"99km NNE of Dushanbe, Tajikistan",3,10,138306,19,12934
2020-07-09 03:38:21 IST,25.5,91.47,5,2.5,"36km NW of Cherrapunjee, Meghalaya, India",2,4,-48260,8,9258
2020-07-09 00:55:44 IST,36.67,71.51,150,3.6,"97km ESE of Fayzabad, Afghanistan",0,3,166377,14,14835
2020-07-08 14:26:30 IST,26.34,93.15,35,2.7,"49km SE of Tezpur, Assam, India",1,0,92152,7,2063
2020-07-08 07:43:39 IST,35.87,70.78,130,3.4,"138km S of Fayzabad, Afghanistan",1,8,107088,7,5374
2020-07-08 05:19:29 IST,11.68,93.38,150,4.4,"71km E of Portblair, Andaman and Nicobar island, India",5,3,83974,9,4702
2020-07-08 02:12:20 IST,32.98,73.54,10,4.3,"84km WSW of Rajouri, Jammu and Kashmir",1,4,169785,10,13207
2020-07-07 18:41:19 IST,37.64,71.88,143.4,3.4,"132km ENE of Fayzabad, Afghanistan",3,5,46963,10,3866
2020-07-07 14:24:16 IST,37.39,71.02,60,2.8,"52km NE of Fayzabad, Afghanistan",2,3,173723,9,5334
2020-07-07 01:33:16 IST,28.36,92.12,170,3.4,"90km NNE of Tawang, Arunachal Pradesh, India",3,2,119813,17,2185
2020-07-07 01:33:03 IST,37.52,77.72,100,4,"359km NNE of Kargil, Laddakh, India",4,8,131133,7,11642
2020-07-07 01:03:29 IST,31.24,78.46,7,3.2,"57km N of Uttarkashi, Uttarakhand, India",3,4,83539,8,3603
2020-07-07 00:54:27 IST,33.05,73.56,5,4.3,"78km WSW of Rajouri, Jammu and Kashmir",3,3,34589,3,1071
2020-07-06 21:36:26 IST,34.36,68.98,90,4.7,"30km SW of Kabul , Afghanistan",2,8,146525,5,6554
2020-07-06 20:57:29 IST,36.74,71.36,200,4,"82km ESE of Fayzabad, Afghanistan",3,5,115570,11,5902
2020-07-06 20:17:40 IST,36.77,71.33,200,3.8,"78km ESE of Fayzabad, Afghanistan",2,6,168081,14,2705
2020-07-06 07:28:59 IST,38.02,77.75,150,4.2,"411km NNE of Kargil, Laddakh, India",2,7,90311,8,2047
2020-07-05 17:26:37 IST,23.24,93.24,77,4.6,"25km SSW of Champhai, Mizoram, India",5,10,79038,11,13453
2020-07-05 17:11:07 IST,23.56,70.36,27,3.9,"146km NNW of Rajkot, Gujarat, India",4,7,169404,11,1064
2020-07-05 16:02:47 IST,36.28,71.52,30,4.2,"125km SE of Fayzabad, Afghanistan",1,3,195594,12,1534
2020-07-05 13:02:15 IST,36.44,71.15,30,3.7,"90km SE of Fayzabad, Afghanistan",2,3,100467,9,3713
2020-07-05 03:37:30 IST,38.11,74.17,134,4.7,"338km ENE of Fayzabad, Afghanistan",3,7,62362,9,14294
2020-07-04 17:42:17 IST,35.43,82.21,150,4.2,"427km NE of Hanley, Jammu & Kashmir, India",2,3,140526,9,1326
2020-07-04 17:02:49 IST,36.5,71.01,150,4,"78km SSE of Fayzabad, Afghanistan",2,3,87298,9,12249
2020-07-04 15:22:59 IST,39.5,71.05,70,5.4,"221km ENE of Dushanbe, Tajikistan",0,3,129963,13,13386
2020-07-03 19:00:50 IST,28,76.69,35,4.7,"60km SSW of Gurugram, Haryana, India",3,8,87036,8,5699
2020-07-03 14:35:41 IST,23.02,93.53,25,4.6,"52km SSE of Champhai, Mizoram, India",2,2,178200,15,4443
2020-07-03 12:44:56 IST,39.85,77.01,66,4.3,"393km SSE of Bishkek, Kyrgyzstan",3,5,65025,15,10176
2020-07-03 12:26:28 IST,37.79,69.85,15,3.2,"98km NW of Fayzabad, Afghanistan",2,4,124026,15,10554
2020-07-03 05:34:55 IST,36.45,71.1,70,3.9,"87km SE of Fayzabad, Afghanistan",3,2,75564,4,11710
2020-07-02 16:35:14 IST,35,71.6,30,4.2,"197km NW of Islamabad, Pakistan",2,3,85924,8,12466
2020-07-02 14:02:12 IST,32.95,75.86,5,3.6,"86km E of Katra, Jammu and Kashmir, India",2,2,79397,10,4062
2020-07-02 13:10:39 IST,32.93,75.88,5,4.4,"88km E of Katra, Jammu and Kashmir, India",2,6,136930,5,10320
2020-07-02 10:57:52 IST,32.74,69.74,60,4.1,"207km SSE of Kabul , Afghanistan",3,3,145918,16,2066
2020-07-02 09:53:18 IST,36.39,71.11,120,4,"93km SSE of Fayzabad, Afghanistan",2,6,127886,11,7685
2020-07-02 03:07:23 IST,36.05,71.56,252.7,4.2,"147km SE of Fayzabad, Afghanistan",1,5,94600,10,9212
2020-07-01 10:13:03 IST,37.11,71.89,180,4.5,"118km E of Fayzabad, Afghanistan",1,4,107009,12,2467
2020-07-01 04:08:19 IST,25.99,92.2,5,2.6,"39km ENE of Nongpoh, Meghalaya, India",3,6,144886,9,1193
2020-07-01 02:57:51 IST,25.37,91.58,8,2.9,"18km NW of Cherrapunjee, Meghalaya, India",0,6,146465,12,2961
2020-06-30 23:32:27 IST,33.14,76.03,5,4.6,"103km E of Katra, Jammu and Kashmir, India",0,6,-34513,7,6337
2020-06-30 21:53:54 IST,36.82,71.36,167,3.8,"78km ESE of Fayzabad, Afghanistan",3,7,86388,5,13323
2020-06-30 08:56:56 IST,33.13,75.82,10,4,"84km E of Katra, Jammu and Kashmir, India",2,10,88787,11,8002
2020-06-30 05:46:06 IST,28.86,76.47,8.6,2.4,"13km WSW of Rohtak, Haryana, India",2,12,133462,12,11239
2020-06-30 03:14:09 IST,28.83,76.73,5,1.8,"14km ESE of Rohtak, Haryana, India",0,5,96661,6,2653
2020-06-29 18:23:24 IST,37.04,71.47,85,5,"81km E of Fayzabad, Afghanistan",2,7,135959,15,1634
2020-06-29 12:55:30 IST,34.27,71.87,10,4,"126km WNW of Islamabad, Pakistan",1,10,46066,7,3632
2020-06-28 21:53:43 IST,36.65,70.93,18,3.5,"60km SE of Fayzabad, Afghanistan",2,2,113002,11,4742
2020-06-28 18:59:10 IST,36.86,72.78,80,4.3,"199km E of Fayzabad, Afghanistan",3,4,145010,12,8244
2020-06-28 14:49:34 IST,25.1,94.3,59,2.3,"12km WSW of Shirui, Manipur, India",1,6,26280,8,13224
2020-06-28 12:24:59 IST,25.81,90.33,6,3.9,"35km NNE of Tura, Meghalaya, India",5,4,225682,10,6420
2020-06-28 11:24:37 IST,24.74,94.4,60,4,"22km SSW of Ukhrul, Manipur, India",1,5,159544,5,7806
2020-06-28 08:56:25 IST,12.98,92.7,45,4.1,"44km SW of Diglipur, Andaman and Nicobar island, India",2,3,100067,6,118
2020-06-27 21:11:23 IST,28.92,76.58,5,2.4,"3km NW of Rohtak, Haryana, India",2,3,58579,11,548
2020-06-27 16:51:30 IST,37.24,72.42,100,3.8,"166km E of Fayzabad, Afghanistan",1,3,91245,11,1302
2020-06-27 12:32:24 IST,35.05,81.15,170,4.4,"331km NE of Hanley, Jammu & Kashmir, India",3,6,104190,19,10499
2020-06-27 10:03:51 IST,36.51,69.92,75,4.9,"86km SW of Fayzabad, Afghanistan",1,5,122033,7,7318
2020-06-27 08:22:11 IST,36.23,70.53,10,3.6,"96km S of Fayzabad, Afghanistan",1,9,175033,11,2934
2020-06-26 21:35:11 IST,20.96,94.32,68,4.5,"199km WSW of Burma, Myanmar",1,1,76195,5,8909
2020-06-26 20:15:11 IST,36,74.82,25,4.5,"200km NW of Kargil, Laddakh, India",1,5,128135,6,8191
2020-06-26 18:57:16 IST,25.38,89.43,10,3.3,"79km W of Tura, Meghalaya, India",4,6,35378,17,1377
2020-06-26 15:32:36 IST,28.83,76.77,10,2.8,"17km ESE of Rohtak, Haryana, India",0,5,79319,12,9624
2020-06-26 07:00:59 IST,35.72,82.35,10,4.5,"459km NE of Hanley, Jammu & Kashmir, India",1,8,118835,13,11518
2020-06-26 04:38:00 IST,35.58,82.35,173,4.3,"448km NE of Hanley, Jammu & Kashmir, India",1,4,134563,7,4333
2020-06-26 04:21:46 IST,35.64,82.56,40,4.4,"466km NE of Hanley, Jammu & Kashmir, India",1,6,62338,10,10327
2020-06-26 02:47:07 IST,35.31,82.46,10,5,"434km NE of Hanley, Jammu & Kashmir, India",1,5,77960,6,3035
2020-06-26 02:35:19 IST,35.57,82.42,10,6.1,"451km NE of Hanley, Jammu & Kashmir, India",1,7,173027,8,11363
2020-06-26 01:59:45 IST,35.54,82.23,174,4.6,"437km NE of Hanley, Jammu & Kashmir, India",0,4,158095,15,13681
2020-06-25 20:18:02 IST,36.49,70.56,240,4,"67km S of Fayzabad, Afghanistan",3,7,110422,12,6655
2020-06-25 15:48:55 IST,24.83,92.54,58,2.8,"63km NE of Dharmanagar, Tripura, India",0,4,-11832,9,3707
2020-06-25 03:03:41 IST,26.17,94.24,6,3.8,"9km NNW of Wokha, Nagaland, India",3,5,225556,9,6017
2020-06-25 01:30:11 IST,28.98,76.72,7,2.2,"14km NE of Rohtak, Haryana, India",1,5,99003,6,3788
2020-06-25 01:14:44 IST,23.26,93.34,136,4.5,"21km S of Champhai, Mizoram, India",6,5,84371,10,68
2020-06-25 00:45:50 IST,23.47,94.07,100,4.2,"75km E of Champhai, Mizoram, India",1,6,73882,12,9774
2020-06-24 19:19:26 IST,33.14,70.71,60,4.3,"209km SE of Kabul , Afghanistan",2,5,118818,14,685
2020-06-24 19:19:26 IST,33.13,70.7,10,4.3,"210km SE of Kabul , Afghanistan",1,3,119329,9,3195
2020-06-24 12:58:13 IST,28.83,76.75,5,2.8,"15km ESE of Rohtak, Haryana, India",1,3,147531,11,10850
2020-06-24 09:01:01 IST,37.48,69.42,10,3.1,"108km WNW of Fayzabad, Afghanistan",4,5,53696,14,10002
2020-06-24 08:02:36 IST,23.18,93.25,10,4.1,"31km SSW of Champhai, Mizoram, India",1,4,84375,10,1146
2020-06-23 23:03:48 IST,22.89,93.64,10,3.2,"70km SSE of Champhai, Mizoram, India",2,5,201527,10,9917
2020-06-23 19:17:37 IST,23.01,93.03,25,3.7,"39km SE of Thenzawl, Mizoram, India",3,2,111229,15,13962
2020-06-23 17:28:07 IST,19.54,77.1,5,3.3,"129km S of Akola,Maharashtra,India",0,8,91373,8,1163
2020-06-23 08:48:25 IST,37.1,71.66,125,3.3,"98km E of Fayzabad, Afghanistan",1,4,52919,12,6264
2020-06-22 19:07:18 IST,38.73,70.7,10,4.8,"167km E of Dushanbe, Tajikistan",1,1,125296,5,10955
2020-06-22 16:40:00 IST,19.33,83.14,5,3.6,"122km ENE of Jagdalpur, Chhattisgarh, India",1,3,151550,12,10032
2020-06-22 12:40:24 IST,25.77,94.54,6.6,2.8,"44km ENE of Kohima, Nagaland, India",3,6,143729,10,3436
2020-06-22 09:37:57 IST,37.66,71.53,30,4.1,"106km NE of Fayzabad, Afghanistan",1,7,87059,13,2487
2020-06-22 04:10:52 IST,23.22,93.24,20,5.5,"27km SSW of Champhai, Mizoram, India",2,5,118062,5,11774
2020-06-22 00:10:16 IST,37.09,71.16,58,4.3,"54km E of Fayzabad, Afghanistan",3,3,183582,12,14345
2020-06-21 23:45:57 IST,35.99,69.25,140,3.9,"159km N of Kabul , Afghanistan",1,5,153544,9,11525
2020-06-21 23:09:08 IST,32.33,85.48,102,4.6,"513km N of Kathmandu, Nepal",2,4,60791,16,14449
2020-06-21 16:16:24 IST,23.88,93.09,30,5.1,"12km W of Ngopa, Mizoram, India",3,4,-27300,4,9094
2020-06-21 01:33:46 IST,33.32,73.66,10,2.6,"61km W of Rajouri, Jammu and Kashmir",1,2,114838,7,13940
2020-06-20 01:52:15 IST,28.76,76.81,10,1.8,"23km NE of Jhajjar, Haryana",2,3,139928,10,10372
2020-06-19 12:03:38 IST,39.09,68.89,10,3.4,"59km N of Dushanbe, Tajikistan",3,4,45538,6,13637
2020-06-19 08:54:35 IST,36.59,70.96,30,3.4,"67km SSE of Fayzabad, Afghanistan",2,6,99560,11,2465
2020-06-19 05:37:39 IST,28.84,76.75,5,2.3,"15km ESE of Rohtak, Haryana, India",0,8,86815,16,12242
2020-06-18 21:04:23 IST,37,72.15,140,4.7,"142km E of Fayzabad, Afghanistan",3,5,105214,7,2991
2020-06-18 19:29:25 IST,22.82,94,80,5,"98km SE of Champhai, Mizoram, India",2,2,72765,10,460
2020-06-18 12:17:38 IST,32.62,71.34,291,4.4,"198km SW of Islamabad, Pakistan",2,3,164525,12,7787
2020-06-18 10:55:44 IST,36.49,70.06,247,4.4,"80km SSW of Fayzabad, Afghanistan",0,6,107398,12,4807
2020-06-18 09:44:48 IST,35.87,71.08,98,4.5,"144km SSE of Fayzabad, Afghanistan",1,6,56049,12,700
2020-06-18 07:32:18 IST,6.56,92.81,10,4.8,"130km WSW of Campbell Bay, Andaman and Nicobar island, India",0,9,145873,23,14705
2020-06-18 04:18:30 IST,28.81,76.73,5,2.1,"15km SE of Rohtak, Haryana, India",1,5,36790,12,10013
2020-06-17 21:02:26 IST,36.57,70.75,10,3.4,"61km SSE of Fayzabad, Afghanistan",1,3,164224,13,13532
2020-06-17 12:28:22 IST,25.34,63.66,10,4.7,"568km ENE of Muscat, Oman",2,6,149552,13,14986
2020-06-17 11:51:19 IST,20,72.8,10,2.5,"103km N of Mumbai, Maharashtra, India",3,4,169488,10,5909
2020-06-17 05:05:14 IST,36.6,70.9,180,4.4,"63km SSE of Fayzabad, Afghanistan",3,5,92087,7,3858
2020-06-17 03:14:36 IST,31.14,72.06,18,3.9,"272km W of Amritsar, Punjab, India",2,4,75194,11,2799
2020-06-16 17:38:52 IST,33.93,70.57,14,3.6,"143km ESE of Kabul , Afghanistan",2,7,104201,11,7752
2020-06-16 16:45:51 IST,19.07,94.1,21,4.9,"330km NW of Rangoon, Myanmar",4,9,95778,9,9110
2020-06-16 14:51:37 IST,36.48,70.96,230,5,"78km SSE of Fayzabad, Afghanistan",1,6,67363,19,7112
2020-06-16 14:10:10 IST,33.02,75.85,5,3.9,"85km E of Katra, Jammu and Kashmir, India",3,5,72318,11,5839
2020-06-15 22:53:49 IST,36.1,69.8,88,3.9,"129km SSW of Fayzabad, Afghanistan",3,2,81681,10,2565
2020-06-15 22:07:39 IST,34.1,75.7,10,3.6,"36km ENE of Pahalgam, Jammu and Kashmir, India",4,7,41499,11,6655
2020-06-15 15:56:03 IST,23.4,70.3,15,3.5,"132km NNW of Rajkot, Gujarat, India",2,2,133898,13,1324
2020-06-15 15:01:17 IST,36.2,70.5,178,3.5,"100km S of Fayzabad, Afghanistan",4,5,97385,14,12982
2020-06-15 12:57:35 IST,23.3,70.4,10,4.1,"118km NNW of Rajkot, Gujarat, India",3,5,84581,11,751
2020-06-15 06:31:10 IST,33,75.9,5,3.9,"90km E of Katra, Jammu and Kashmir, India",2,4,44482,11,5740
2020-06-15 04:36:17 IST,33,75.9,5,3,"90km E of Katra, Jammu and Kashmir, India",3,2,41981,8,1547
2020-06-15 04:07:55 IST,33,75.9,5,3.2,"90km E of Katra, Jammu and Kashmir, India",2,11,196795,17,11635
2020-06-15 04:01:11 IST,33,75.9,5,3.4,"90km E of Katra, Jammu and Kashmir, India",2,5,68637,8,4725
2020-06-15 00:16:55 IST,33.1,75.8,5,2.3,"81km E of Katra, Jammu and Kashmir, India",4,8,130526,9,1740
2020-06-14 21:37:52 IST,36.2,70.9,150,3.8,"104km SSE of Fayzabad, Afghanistan",4,10,108131,15,7995
2020-06-14 20:35:24 IST,33,75.9,5,2.9,"90km E of Katra, Jammu and Kashmir, India",1,10,-38759,8,13748
2020-06-14 20:13:08 IST,23.3,70.4,10,5.3,"118km NNW of Rajkot, Gujarat, India",1,5,189622,8,13634
2020-06-14 16:01:15 IST,36.5,69.6,130,3.8,"107km SW of Fayzabad, Afghanistan",0,2,134204,11,3782
2020-06-14 14:14:06 IST,38.4,73.4,114,3.9,"289km ENE of Fayzabad, Afghanistan",3,7,61616,11,10808
2020-06-14 11:05:31 IST,23.2,93.6,48,5,"39km SE of Champhai, Mizoram, India",1,7,98581,7,502
2020-06-14 08:09:57 IST,26.7,96.2,112,4.4,"123km SSW of Changlang, Arunachal Pradesh, India",6,10,42540,13,2021
2020-06-14 07:05:14 IST,36.9,71.4,95,4.2,"78km ESE of Fayzabad, Afghanistan",1,3,191311,13,7517
2020-06-14 04:12:49 IST,24.4,93.7,30,2.9,"13km SW of Moirang, Manipur, India",1,7,54617,5,3469
2020-06-14 01:38:00 IST,39.6,74.8,45,4.2,"364km S of Bishkek, Kyrgyzstan",3,6,73845,10,11984
2020-06-13 14:01:39 IST,38.6,68.5,60,3.6,"25km W of Dushanbe, Tajikistan",3,2,63521,12,13969
2020-06-13 10:26:33 IST,30,69.5,35,4.3,"430km WNW of Bikaner, Rajasthan, India",0,2,104018,7,114
2020-06-13 05:02:37 IST,32.9,72.6,10,4.2,"96km SSW of Islamabad, Pakistan",2,3,168515,6,3532
2020-06-12 19:19:34 IST,34.29,72.58,31,4.4,"80km NNW of Islamabad, Pakistan",1,4,189468,12,6621
2020-06-12 19:03:42 IST,26.4,91.3,10,3.4,"51km WNW of Guwahati, Assam, India",3,2,80050,14,8468
2020-06-12 16:50:29 IST,31.8,69.9,30,4.4,"313km SSE of Kabul , Afghanistan",1,9,118912,8,13742
2020-06-12 13:06:12 IST,38.3,74.6,150,4,"380km ENE of Fayzabad, Afghanistan",3,7,104095,12,13383
2020-06-12 13:06:11 IST,38.2,74.1,150,4.6,"335km ENE of Fayzabad, Afghanistan",5,8,50919,10,9575
2020-06-11 15:14:54 IST,39.9,74.7,30,3.4,"330km S of Bishkek, Kyrgyzstan",0,3,221127,4,3897
2020-06-11 15:01:55 IST,24.7,94.9,110,3.6,"49km ESE of Ukhrul, Manipur, India",1,7,168137,10,11760
2020-06-11 13:37:19 IST,37.4,76.7,60,4,"320km N of Kargil, Laddakh, India",2,3,109455,4,3079
2020-06-11 03:32:59 IST,32.2,76.3,10,2.6,"3km SW of Dharamshala, Himachal Pradesh, India",1,10,179093,8,14479
2020-06-10 19:27:56 IST,32.6,76.1,5,2.5,"47km NNW of Dharamshala, Himachal Pradesh, India",5,4,160605,12,137
2020-06-10 19:25:24 IST,34.2,70.6,150,4.7,"133km ESE of Kabul , Afghanistan",1,7,104093,12,8568
2020-06-10 12:08:11 IST,20.1,72.8,7,2.8,"104km W of Nashik, Maharashtra, India",3,2,116298,14,1371
2020-06-10 04:33:32 IST,19.2,72.2,10,3,"72km W of Mumbai, India",2,2,175606,5,6143
2020-06-10 02:17:37 IST,14,92.3,50,4.3,"110km NW of Diglipur, Andaman and Nicobar island, India",2,5,52692,10,9542
2020-06-09 23:34:24 IST,25,93.9,28,2.9,"20km N of Imphal, Manipur, India",0,10,183684,9,10359
2020-06-09 13:29:45 IST,28.8,91.9,10,4.5,"135km N of Tawang, Arunachal Pradesh, India",2,6,88744,12,11794
2020-06-08 23:21:31 IST,29.7,60.8,10,4.7,"720km NNE of Muscat, Oman",2,4,176233,12,8920
2020-06-08 20:02:39 IST,38.1,76.1,145,4.2,"394km N of Kargil, Laddakh, India",4,1,99738,11,3807
2020-06-08 13:00:34 IST,28.85,76.76,19,2.1,"15km ESE of Rohtak, Haryana, India",0,8,116880,11,13344
2020-06-08 02:15:35 IST,37.9,72.6,124,4.2,"201km ENE of Fayzabad, Afghanistan",3,5,98284,9,12176
2020-06-07 11:55:31 IST,28.7,76.7,5,1.8,"11km NNE of Jhajjar, Haryana",3,3,73407,11,2442
2020-06-07 10:38:56 IST,36.1,70.7,160,3.7,"112km S of Fayzabad, Afghanistan",3,4,86497,11,12406
2020-06-07 05:20:37 IST,1.8,97.2,10,4.9,"520km WSW of Kuala Lumpur, Malaysia",2,3,168955,12,14591
2020-06-06 16:25:58 IST,35.258,90.868,10,5.4,"859km N of Tawang, Arunachal Pradesh, India",0,3,-15708,10,9576
2020-06-06 16:19:34 IST,35.44,72.25,270,4.8,"208km NNW of Islamabad, Pakistan",2,4,38051,12,4262
2020-06-06 03:42:20 IST,37.5,72.3,159,4.2,"161km ENE of Fayzabad, Afghanistan",2,4,63726,7,9118
2020-06-05 10:47:19 IST,37.6,71.3,255,3.9,"86km NE of Fayzabad, Afghanistan",1,5,46082,10,5170
2020-06-05 01:43:09 IST,25.6,91.4,10,2.3,"49km NW of Cherrapunjee, Meghalaya, India",0,3,175498,12,10155
2020-06-04 23:49:21 IST,36.2,71.2,62,4.1,"115km SSE of Fayzabad, Afghanistan",0,6,162883,7,8194
2020-06-03 22:42:29 IST,28.4,77.5,4,3,"17km E of Faridabad, Haryana, India",1,4,129601,9,13945
2020-06-03 12:37:13 IST,36.7,71,15,3.5,"59km SE of Fayzabad, Afghanistan",0,6,68109,11,9287
2020-06-03 07:10:49 IST,24.8,91.1,55,4.3,"82km SW of Cherrapunjee, Meghalaya, India",2,6,166752,5,3249
2020-06-02 08:18:59 IST,25.1,93.8,23,3,"34km NNW of Imphal, Manipur, India",1,5,20593,19,10890
2020-06-02 07:57:47 IST,37,71,200,3.5,"41km ESE of Fayzabad, Afghanistan",3,7,207099,8,4548
2020-06-02 07:14:41 IST,24.7,96.3,100,3.9,"185km E of Ukhrul, Manipur, India",1,5,65768,13,4122
2020-06-02 07:09:00 IST,19.5,77.1,10,3.4,"134km S of Akola,Maharashtra,India",1,6,86898,7,5907
2020-06-02 04:53:18 IST,28.2,91.9,10,3.5,"69km N of Tawang, Arunachal Pradesh, India",6,4,78532,10,229
2020-06-02 01:03:11 IST,30.8,78.7,5,2.8,"26km ENE of Uttarkashi, Uttarakhand, India",3,8,46344,13,14538
2020-06-01 18:42:05 IST,28.8,76.7,10,3,"14km SE of Rohtak, Haryana, India",1,11,196255,8,8008
2020-06-01 04:50:27 IST,28.7,76.7,5,1.8,"11km NNE of Jhajjar, Haryana",1,6,139444,15,11613
2020-05-31 10:38:28 IST,32.2,74.5,10,3.3,"72km NNW of Amritsar, Punjab, India",4,3,160773,10,3904
2020-05-31 06:24:36 IST,25.1,94.9,82,4,"46km ENE of Ukhrul, Manipur, India",3,4,38816,18,11211
2020-05-30 23:44:53 IST,36.4,70.9,130,4,"83km SSE of Fayzabad, Afghanistan",0,8,109046,6,8529
2020-05-30 21:21:43 IST,27.8,84.9,40,4.1,"42km WNW of Kathmandu, Nepal",0,6,126051,13,6390
2020-05-30 09:15:33 IST,35.08,78.33,15,4.2,"124km NNE of Leh, Laddakh, India",3,5,113537,6,14561
2020-05-30 08:04:45 IST,36.9,70.7,227,4.2,"25km SSE of Fayzabad, Afghanistan",3,6,41981,14,7432
2020-05-30 04:24:07 IST,25,64.5,10,4.6,"548km NW of Dwarka, Gujarat, India",4,4,153775,12,9879
2020-05-29 23:53:28 IST,23.2,93.8,5,3.2,"56km ESE of Champhai, Mizoram, India",2,5,106077,8,279
2020-05-29 22:00:07 IST,28.8,76.7,10,2.9,"14km SE of Rohtak, Haryana, India",1,14,52251,6,4556
2020-05-29 21:08:40 IST,28.8,76.7,15,4.5,"14km SE of Rohtak, Haryana, India",4,4,7237,12,13335
2020-05-29 18:54:18 IST,36.4,70.2,220,4.2,"83km SSW of Fayzabad, Afghanistan",2,6,130333,8,11396
2020-05-29 06:00:30 IST,11.7,92.4,10,4.5,"36km WNW of Portblair, Andaman and Nicobar island, India",1,2,222522,15,8074
2020-05-28 22:05:48 IST,35.3,79.3,150,4.3,"202km NE of Leh, Laddakh, India",2,5,49237,13,13507
2020-05-28 16:24:30 IST,28.4,77.4,10,2.5,"8km E of Faridabad, Haryana, India",2,5,108522,7,7318
2020-05-28 12:42:53 IST,36.5,70.7,149,4.3,"68km SSE of Fayzabad, Afghanistan",2,4,155524,11,8519
2020-05-27 16:02:15 IST,36.2,70.7,16,3.6,"101km S of Fayzabad, Afghanistan",1,3,36517,11,5763
2020-05-27 15:33:36 IST,36.7,71.7,70,3.4,"111km ESE of Fayzabad, Afghanistan",0,6,76002,10,9319
2020-05-27 14:16:23 IST,34.4,70.6,10,4,"128km E of Kabul , Afghanistan",3,5,56992,10,4819
2020-05-27 14:06:13 IST,38,69.3,15,3,"76km SE of Dushanbe, Tajikistan",4,7,149233,11,5813
2020-05-27 13:35:10 IST,38,69.3,12,4,"76km SE of Dushanbe, Tajikistan",6,8,166276,10,14496
2020-05-27 11:01:45 IST,34.38,70.45,84,4.4,"115km E of Kabul , Afghanistan",4,6,107951,8,1714
2020-05-26 19:25:55 IST,37.9,72.7,160,4.8,"209km ENE of Fayzabad, Afghanistan",2,5,57913,12,1623
2020-05-26 02:21:53 IST,36.7,71.5,146,4.2,"95km ESE of Fayzabad, Afghanistan",1,8,77860,10,697
2020-05-26 01:12:31 IST,31.1,92.62,10,4.8,"398km N of Tawang, Arunachal Pradesh, India",4,9,68475,10,4834
2020-05-25 20:25:33 IST,24.4,93.6,32,2.6,"20km WSW of Moirang, Manipur, India",2,3,51136,12,6003
2020-05-25 20:12:15 IST,24.4,93.7,40,5.2,"13km SW of Moirang, Manipur, India",3,5,94898,7,1463
2020-05-25 15:17:56 IST,35.9,68.9,32,3.7,"152km N of Kabul , Afghanistan",2,2,128741,12,8259
2020-05-25 11:22:41 IST,36.1,70.8,90,3.4,"113km SSE of Fayzabad, Afghanistan",3,6,124512,7,8770
2020-05-25 05:44:01 IST,33.3,67.8,30,4.6,"190km SW of Kabul , Afghanistan",0,9,99588,11,11277
2020-05-25 04:00:56 IST,34.4,70.2,38,4.4,"92km E of Kabul , Afghanistan",2,5,102852,11,14640
2020-05-25 00:45:36 IST,35.8,70.9,78,4.9,"147km SSE of Fayzabad, Afghanistan",2,7,95922,7,9309
2020-05-24 23:07:32 IST,36.7,72.8,184,3.9,"205km E of Fayzabad, Afghanistan",2,7,35139,5,1719
2020-05-24 19:51:30 IST,37.3,72.4,150,3.9,"165km E of Fayzabad, Afghanistan",3,3,108006,11,1373
2020-05-24 16:35:40 IST,37,71.9,140,3.9,"120km E of Fayzabad, Afghanistan",2,5,70818,9,11674
2020-05-23 14:41:35 IST,14.2,94,80,4.7,"151km NE of Diglipur, Andaman and Nicobar island, India",2,5,32632,6,9772
2020-05-23 01:13:09 IST,11.5,93.4,10,4.1,"74km E of Portblair, Andaman and Nicobar island, India",3,4,118535,16,2470
2020-05-23 00:08:22 IST,32.7,85.6,130,4.4,"554km N of Kathmandu, Nepal",5,5,69413,7,3837
2020-05-22 23:22:27 IST,36.9,71.5,180,4.3,"87km ESE of Fayzabad, Afghanistan",3,4,111387,4,11266
2020-05-22 21:36:58 IST,23.6,94,16,3.4,"70km ENE of Champhai, Mizoram, India",0,8,142381,9,8514
2020-05-22 19:14:58 IST,32.6,85.6,148,4.7,"543km N of Kathmandu, Nepal",2,7,52488,9,8795
2020-05-22 14:08:45 IST,36.2,78,10,4.1,"230km N of Leh, Laddakh, India",3,6,104606,12,3189
2020-05-22 12:29:06 IST,36.4,70,30,4,"92km SSW of Fayzabad, Afghanistan",2,7,9478,4,9454
2020-05-22 12:13:28 IST,24.84,95.11,137,3.8,"64km E of Ukhrul, Manipur, India",3,10,176626,9,11570
2020-05-22 09:07:01 IST,37.87,69.52,30,4.5,"99km SE of Dushanbe, Tajikistan",2,4,32046,12,13284
2020-05-22 04:38:33 IST,32.8,85.6,153,4.3,"565km N of Kathmandu, Nepal",0,9,74259,13,11063
2020-05-22 03:26:45 IST,25,94.9,113,3.6,"43km E of Ukhrul, Manipur, India",2,9,166918,6,8666
2020-05-22 02:03:54 IST,27.2,92.4,10,2.3,"66km SE of Tawang, Arunachal Pradesh, India",1,9,88273,7,10115
2020-05-21 08:29:52 IST,37.6,72.4,100,4.6,"172km ENE of Fayzabad, Afghanistan",2,3,40130,16,7302
2020-05-19 17:33:33 IST,36.4,69.8,70,4.8,"102km SW of Fayzabad, Afghanistan",2,3,135653,7,3442
2020-05-19 09:21:09 IST,27.88,75.82,20,3.2,"107km N of Jaipur, Rajasthan, India",4,8,134526,11,13238
2020-05-18 20:35:36 IST,23.9,94.3,22,4,"85km SE of Moirang, Manipur, India",0,6,68340,5,8012
2020-05-18 09:24:24 IST,36.9,71.9,233,4.3,"121km E of Fayzabad, Afghanistan",2,9,73753,10,8935
2020-05-18 07:53:48 IST,32.3,76,5,3.5,"31km WNW of Dharamshala, Himachal Pradesh, India",0,2,78229,9,14852
2020-05-18 05:54:08 IST,32.7,76.7,5,3,"64km NNE of Dharamshala, Himachal Pradesh, India",0,6,89648,11,14775
2020-05-17 10:02:23 IST,20.57,95.84,60,4.7,"90km SW of Ywangan, Myanmar",1,2,5351,7,8815
2020-05-17 08:57:18 IST,25,94.7,110,3.2,"23km ENE of Ukhrul, Manipur, India",2,9,90928,11,557
2020-05-17 06:05:13 IST,1.1,92.2,45,4.9,"683km SSW of Campbell Bay, Andaman and Nicobar island, India",0,6,189195,9,5972
2020-05-16 21:23:42 IST,36.7,71.3,248,4,"80km ESE of Fayzabad, Afghanistan",1,1,55201,14,14062
2020-05-16 16:45:58 IST,36.4,70.9,140,3.9,"83km SSE of Fayzabad, Afghanistan",4,3,70825,10,4360
2020-05-16 14:49:20 IST,31.5,77.4,10,3.8,"46km ESE of Mandi, Himachal Pradesh, India",3,4,40819,15,14989
2020-05-16 08:54:21 IST,32.8,72.6,30,4,"106km SSW of Islamabad, Pakistan",4,4,130608,7,1310
2020-05-16 05:50:21 IST,36.3,71.2,92,4.6,"106km SE of Fayzabad, Afghanistan",2,6,160159,9,8543
2020-05-16 03:44:42 IST,25.5,91.6,10,2.2,"28km NNW of Cherrapunjee, Meghalaya, India",2,8,159015,8,7755
2020-05-16 00:08:20 IST,36.5,70.5,196,4.5,"66km S of Fayzabad, Afghanistan",2,5,37599,14,3867
2020-05-15 18:22:47 IST,26,62.3,30,4.9,"477km NE of Muscat, Oman",1,11,124989,14,14231
2020-05-15 13:50:53 IST,37,72,90,4,"129km E of Fayzabad, Afghanistan",1,9,171687,7,9306
2020-05-15 11:28:51 IST,28.7,77.2,22,2.2,"9km N of New Delhi, India",1,5,125483,5,3491
2020-05-15 10:11:03 IST,30.3,65.5,10,4,"587km SW of Kabul , Afghanistan",1,4,123920,9,5791
2020-05-14 08:31:24 IST,36.3,71,170,3.8,"97km SSE of Fayzabad, Afghanistan",3,3,76417,12,10832
2020-05-14 07:50:04 IST,36.7,71,125,3.6,"59km SE of Fayzabad, Afghanistan",2,12,111005,14,4500
2020-05-14 05:57:21 IST,29.6,70.5,175,4.1,"325km WNW of Bikaner, Rajasthan, India",2,5,161815,16,13200
2020-05-14 05:43:56 IST,39.7,73.7,10,3.7,"360km S of Bishkek, Kyrgyzstan",2,12,116410,10,2526
2020-05-14 02:39:34 IST,39.6,73.9,40,4.7,"368km S of Bishkek, Kyrgyzstan",0,4,37586,9,4004
2020-05-14 00:51:52 IST,36,70.2,237,4.2,"126km SSW of Fayzabad, Afghanistan",1,5,77197,12,2216
2020-05-14 00:10:33 IST,30,87.3,178,4.1,"292km NNW of Lachung, Sikkim, India",4,3,160463,10,1607
2020-05-13 13:38:41 IST,30.6,70.9,10,4.2,"369km NW of Bikaner, Rajasthan, India",2,3,116237,6,4539
2020-05-13 08:40:11 IST,36.5,67.7,10,4.2,"248km SSW of Dushanbe, Tajikistan",4,5,105953,11,14987
2020-05-13 05:50:33 IST,26.1,89.9,22,2.9,"71km NNW of Tura, Meghalaya, India",4,3,72299,13,1460
2020-05-13 01:09:27 IST,26.8,93.4,10,2.8,"37km SSW of Itanagar, Arunachal Pradesh, India",2,8,159429,9,3234
2020-05-12 23:38:40 IST,27.7,86.1,10,4.7,"76km E of Kathmandu, Nepal",1,6,183120,8,4110
2020-05-12 19:46:18 IST,36.5,70.8,140,4.3,"70km SSE of Fayzabad, Afghanistan",3,4,163159,4,9305
2020-05-12 07:43:20 IST,36.43,70.87,152,4.2,"79km SSE of Fayzabad, Afghanistan",3,2,172129,8,11192
2020-05-12 04:09:35 IST,24.9,93.9,47,4.4,"9km NNW of Imphal, Manipur, India",1,8,82064,7,11291
2020-05-11 23:05:19 IST,37.1,72.3,11,3.8,"155km E of Fayzabad, Afghanistan",1,7,74991,4,179
2020-05-11 22:27:05 IST,23.6,94.3,120,4,"100km E of Champhai, Mizoram, India",4,3,92182,13,9795
2020-05-11 15:13:17 IST,36.4,70.6,120,4.1,"78km S of Fayzabad, Afghanistan",1,3,101928,6,9479
2020-05-11 05:28:12 IST,36.6,71.3,140,3.8,"86km SE of Fayzabad, Afghanistan",4,8,171550,2,7788
2020-05-10 23:20:03 IST,36.5,70.9,184,4.6,"73km SSE of Fayzabad, Afghanistan",0,5,158294,10,5719
2020-05-10 20:39:27 IST,36.2,69.6,150,4.2,"131km SW of Fayzabad, Afghanistan",3,6,126923,13,11971
2020-05-10 13:45:29 IST,28.8,77.2,5,3.4,"20km N of New Delhi, India",3,9,28440,11,5191
2020-05-10 04:04:54 IST,30.6,79.1,5,2.1,"44km W of Joshimath, Uttarakhand , India",3,4,15598,7,3488
2020-05-09 23:52:42 IST,26.9,93,21,2.6,"34km NE of Tezpur, Assam, India",2,5,112023,12,4685
2020-05-09 23:00:09 IST,37.9,72.2,80,3.4,"170km ENE of Fayzabad, Afghanistan",1,6,144013,10,6622
2020-05-09 22:37:44 IST,23.9,93.1,25,2.8,"11km W of Ngopa, Mizoram, India",0,7,96021,6,3250
2020-05-09 15:36:53 IST,21.5,70.9,20,4.3,"90km S of Rajkot, Gujarat, India",2,3,195745,8,9133
2020-05-09 06:20:02 IST,24.3,93.8,30,3.4,"22km S of Moirang, Manipur, India",2,4,45877,5,13268
2020-05-08 20:07:08 IST,36.3,70.7,130,3.5,"90km S of Fayzabad, Afghanistan",2,4,39582,12,8952
2020-05-08 19:30:33 IST,36.5,71.5,140,3.9,"107km SE of Fayzabad, Afghanistan",3,1,66785,15,6727
2020-05-08 16:45:16 IST,28.5,87.3,30,4.3,"154km NW of Yuksom, Sikkim, India",3,5,64885,10,11963
2020-05-08 14:49:41 IST,36.1,70.7,150,3.5,"112km S of Fayzabad, Afghanistan",1,4,126314,8,11233
2020-05-08 01:13:08 IST,36.5,70.7,179,4.4,"68km SSE of Fayzabad, Afghanistan",2,1,78914,7,5537
2020-05-07 16:47:40 IST,36.5,70.3,175,4.3,"70km SSW of Fayzabad, Afghanistan",1,3,22607,7,9082
2020-05-07 10:27:04 IST,32.8,76.2,10,2.4,"65km N of Dharamshala, Himachal Pradesh, India",2,7,144578,14,10961
2020-05-07 09:28:33 IST,32.8,76.1,7,2.9,"67km NNW of Dharamshala, Himachal Pradesh, India",0,0,12002,10,3719
2020-05-07 00:10:50 IST,26.5,92.7,34,2.7,"19km SSW of Tezpur, Assam, India",1,9,46439,9,5525
2020-05-06 20:34:37 IST,39.9,73.7,14,3.6,"338km SSW of Bishkek, Kyrgyzstan",1,5,18864,10,1631
2020-05-06 16:56:44 IST,15.9,94,46,4.5,"254km WSW of Yangon, Myanmar",2,4,110356,7,14815
2020-05-06 16:21:39 IST,39.6,74,16,5.2,"367km S of Bishkek, Kyrgyzstan",1,0,109302,14,1333
2020-05-06 04:28:35 IST,25.94,90.89,6,2.9,"83km NE of Tura, Meghalaya, India",1,6,195822,6,2570
2020-05-06 03:45:01 IST,21.45,94.89,10,3.7,"120km WSW of Burma, Myanmar",2,6,145691,6,7223
2020-05-06 03:19:13 IST,27.45,93.48,10,2.7,"42km NNW of Itanagar, Arunachal Pradesh, India",4,2,172082,12,12985
2020-05-06 02:41:40 IST,28.4,77.4,10,2.3,"8km E of Faridabad, Haryana, India",0,3,114430,11,5370
2020-05-05 12:09:45 IST,24.2,94.4,84,3.5,"71km ESE of Moirang, Manipur, India",1,5,51153,11,11540
2020-05-05 01:40:44 IST,25.8,90.6,6,3.1,"50km NE of Tura, Meghalaya, India",4,7,106405,8,10156
2020-05-04 15:45:49 IST,27.2,92.8,10,3.6,"60km N of Tezpur, Assam, India",2,5,129621,6,9598
2020-05-04 02:47:56 IST,26,92.5,5,2.6,"68km ENE of Nongpoh, Meghalaya, India",1,5,135190,8,12683
2020-05-04 02:40:39 IST,30.7,78.7,5,2.5,"25km E of Uttarkashi, Uttarakhand, India",1,6,76379,10,261
2020-05-03 23:43:21 IST,37.2,71.8,117,3.3,"111km E of Fayzabad, Afghanistan",3,3,124439,12,13940
2020-05-03 16:00:39 IST,26.3,93,46,3.5,"44km SSE of Tezpur, Assam, India",1,5,53348,11,12446
2020-05-03 07:49:36 IST,32.5,78.8,10,3.4,"25km SW of Hanley, Jammu & Kashmir, India",3,4,47836,12,14071
2020-05-03 07:46:55 IST,20.2,72.9,10,2.3,"95km WNW of Nashik, Maharashtra, India",3,3,44210,10,11914
2020-05-03 00:29:53 IST,28.9,77,5,3,"37km NNW of New Delhi, India",2,7,101231,10,13184
2020-05-02 14:37:09 IST,24.2,82.4,10,3.8,"142km NW of Ambikapur, Chhattisgarh, India",2,4,41108,7,3086
2020-05-02 07:10:04 IST,27.2,91.4,140,3.1,"63km SW of Tawang, Arunachal Pradesh, India",4,7,78762,9,4822
2020-05-01 22:18:37 IST,36.6,71,240,4.3,"68km SE of Fayzabad, Afghanistan",1,6,145145,13,4762
2020-05-01 21:23:10 IST,25.9,95.2,100,3,"83km SE of Mokokchung, Nagaland, India",1,4,48543,9,1682
2020-05-01 08:33:54 IST,26,94.8,19,3.6,"45km SE of Mokokchung, Nagaland, India",2,4,74784,6,10957
2020-05-01 01:47:55 IST,32.1,89.3,20,4.3,"493km N of Lachung, Sikkim, India",1,3,103581,14,2085
2020-04-30 13:50:30 IST,1.4,99.6,43,5.3,"301km SW of Kuala Lumpur, Malaysia",3,5,112344,11,835
2020-04-30 01:00:56 IST,30.04,80,5,2.9,"55km NNW of Pithoragarh, Uttarakhand, India",3,4,75035,10,11642
2020-04-29 18:27:19 IST,39.7,77.1,217,4.2,"411km SSE of Bishkek, Kyrgyzstan",4,10,139343,17,13574
2020-04-29 13:29:15 IST,24.7,60.9,10,4.6,"283km ENE of Muscat, Oman",1,8,129522,11,11473
2020-04-29 07:35:00 IST,39.6,69.5,125,3.9,"131km NNE of Dushanbe, Tajikistan",1,2,156992,12,12389
2020-04-28 16:45:34 IST,36.48,70.6,180,4.8,"69km S of Fayzabad, Afghanistan",1,3,95919,9,8954
2020-04-28 12:17:50 IST,32.3,76.1,19,4,"22km WNW of Dharamshala, Himachal Pradesh, India",1,7,74359,16,13321
2020-04-28 04:14:03 IST,36.7,70.9,266,4.3,"54km SE of Fayzabad, Afghanistan",2,4,65868,11,7475
2020-04-28 01:24:30 IST,12.3,92.8,10,4.4,"75km N of Portblair, Andaman and Nicobar island, India",0,6,115351,13,14825
2020-04-27 22:54:58 IST,19.5,77.2,9,3.4,"131km NW of Nizamabad, Telangana, India",1,4,81142,13,1596
2020-04-27 19:01:24 IST,30.2,77.5,23,2.4,"52km WSW of Dehradun, Uttarakhand, India",2,5,71541,11,12147
2020-04-27 16:43:28 IST,37.2,71.5,102,4.6,"84km E of Fayzabad, Afghanistan",4,5,77585,8,9638
2020-04-27 13:42:00 IST,37.2,71.5,167,4,"84km E of Fayzabad, Afghanistan",0,9,65815,10,8730
2020-04-26 10:59:24 IST,27,88.8,10,4,"41km SSE of Gangtok, Sikkim",0,4,109951,10,10900
2020-04-25 23:12:45 IST,36.96,72.29,10,3.9,"155km E of Fayzabad, Afghanistan",1,1,29370,9,12612
2020-04-25 22:45:58 IST,27.8,91.1,5,2.6,"80km WNW of Tawang, Arunachal Pradesh, India",1,4,115150,14,12950
2020-04-25 20:35:30 IST,32.5,76.4,5,2.4,"32km NNE of Dharamshala, Himachal Pradesh, India",4,6,133827,11,2671
2020-04-25 20:08:30 IST,30,69.7,30,4.4,"414km WNW of Bikaner, Rajasthan, India",2,3,70956,11,2995
2020-04-25 19:59:10 IST,30,69.6,10,4.6,"422km WNW of Bikaner, Rajasthan, India",2,4,196101,7,291
2020-04-25 04:29:29 IST,36.3,71.2,150,4,"106km SE of Fayzabad, Afghanistan",2,10,100881,10,2021
2020-04-25 04:14:22 IST,34,72.2,10,4.2,"85km WNW of Islamabad, Pakistan",5,9,21932,9,3995
2020-04-25 04:02:47 IST,37.9,68.5,141,4.9,"77km SSW of Dushanbe, Tajikistan",3,6,85937,5,10829
2020-04-25 02:52:49 IST,37.4,68.7,10,4.5,"129km S of Dushanbe, Tajikistan",4,7,103132,9,7162
2020-04-25 01:57:39 IST,37.4,68.7,10,4.5,"129km S of Dushanbe, Tajikistan",3,0,122448,12,11380
2020-04-24 22:49:41 IST,38,73.9,125,4.2,"311km ENE of Fayzabad, Afghanistan",0,6,87128,10,7323
2020-04-24 22:16:07 IST,36.1,71.7,206,4.8,"151km SE of Fayzabad, Afghanistan",3,2,49421,16,8356
2020-04-24 20:31:25 IST,37.6,68.6,10,4.8,"108km S of Dushanbe, Tajikistan",2,3,45250,8,1710
2020-04-24 10:45:23 IST,24.1,95.67,10,4.1,"151km SE of Ukhrul, Manipur, India",3,13,67320,8,11659
2020-04-24 09:04:20 IST,36.1,68.7,10,4.5,"177km NNW of Kabul , Afghanistan",3,5,72111,9,11383
2020-04-24 09:03:19 IST,37.6,68.84,5,4.4,"106km S of Dushanbe, Tajikistan",1,2,43251,11,4648
2020-04-24 07:49:07 IST,33,76.2,5,3,"87km N of Dharamshala, Himachal Pradesh, India",1,6,63359,11,4962
2020-04-22 22:07:58 IST,29.8,84.1,10,4.2,"260km NNW of Kathmandu, Nepal",4,6,132972,9,3334
2020-04-22 16:50:04 IST,37.3,72,170,3.9,"130km E of Fayzabad, Afghanistan",0,4,182420,14,12216
2020-04-22 15:15:16 IST,20.6,78.6,10,3,"79km SW of Nagpur, Maharashtra, India",2,8,137773,11,11217
2020-04-22 14:47:29 IST,21.5,94.4,10,3.9,"166km WSW of Burma, Myanmar",3,10,165293,7,9156
2020-04-22 13:51:10 IST,37.2,71.7,151,4.2,"102km E of Fayzabad, Afghanistan",1,9,148705,13,3620
2020-04-22 05:50:38 IST,36.2,70.9,210,3.7,"104km SSE of Fayzabad, Afghanistan",0,4,141656,6,2619
2020-04-22 04:54:38 IST,39.2,71.5,10,4.7,"245km ENE of Dushanbe, Tajikistan",3,3,83110,12,801
2020-04-21 20:39:41 IST,30.4,79.3,5,3.3,"30km SW of Joshimath, Uttarakhand , India",2,6,107045,16,731
2020-04-21 17:42:16 IST,36.4,70.7,195,4.2,"79km S of Fayzabad, Afghanistan",1,7,78969,8,2847
2020-04-21 14:50:51 IST,33.5,70.8,65,4.1,"187km SE of Kabul , Afghanistan",2,5,89044,9,1552
2020-04-21 05:39:09 IST,9.5,93,10,4.7,"238km S of Portblair, Andaman and Nicobar island, India",1,4,103408,15,8363
2020-04-21 04:34:43 IST,28.9,76.7,10,3.2,"9km E of Rohtak, Haryana, India",0,6,135678,12,5403
2020-04-20 23:30:12 IST,29.5,76.3,5,3.1,"73km NNW of Rohtak, Haryana, India",2,5,121166,14,6701
2020-04-20 14:23:28 IST,29,70,190,4,"341km WNW of Bikaner, Rajasthan, India",0,5,91908,12,8931
2020-04-20 13:46:19 IST,38.62,70.3,40,4.3,"131km E of Dushanbe, Tajikistan",3,1,102776,12,9903
2020-04-20 11:05:27 IST,31.67,67.27,167,4,"368km SSW of Kabul , Afghanistan",2,6,121673,15,9740
2020-04-20 10:49:55 IST,20.35,93.19,10,4,"328km S of Thenzawl, Mizoram, India",4,4,133369,8,3949
2020-04-20 04:11:57 IST,33.1,76.3,10,2.6,"98km N of Dharamshala, Himachal Pradesh, India",1,4,24050,7,12153
2020-04-18 22:47:43 IST,31.5,93.4,10,4.3,"410km NNW of Basar, Arunachal Pradesh, India",0,2,46130,8,13769
2020-04-18 17:36:39 IST,28.9,76.7,10,2.9,"9km E of Rohtak, Haryana, India",0,5,155365,10,4773
2020-04-18 10:02:21 IST,25.81,90.23,22,3.8,"33km N of Tura, Meghalaya, India",4,4,96956,12,305
2020-04-18 03:05:37 IST,32.69,97.42,10,4.2,"546km NNE of Pangin, Arunachal Pradesh, India",0,9,78796,17,13492
2020-04-18 00:40:28 IST,29.9,79.8,5,2.4,"53km NW of Pithoragarh, Uttarakhand, India",5,4,86825,11,13857
2020-04-17 23:55:43 IST,36.3,71.3,178,4.4,"111km SE of Fayzabad, Afghanistan",0,0,86814,8,811
2020-04-17 23:05:51 IST,37.5,72.4,179,4.2,"169km ENE of Fayzabad, Afghanistan",3,11,127896,9,124
2020-04-17 21:20:13 IST,22.6,93.7,64,3.6,"102km SSE of Champhai, Mizoram, India",2,8,44599,10,12255
2020-04-17 18:13:56 IST,36.7,71.2,92,4.6,"72km SE of Fayzabad, Afghanistan",1,7,101238,6,4556
2020-04-17 14:26:43 IST,36,71.9,303,3.7,"171km SE of Fayzabad, Afghanistan",1,6,112305,9,13723
2020-04-17 13:28:57 IST,37.6,73.4,10,3.5,"258km ENE of Fayzabad, Afghanistan",1,3,119813,6,3290
2020-04-17 11:45:27 IST,27.6,93.7,10,4.2,"58km N of Itanagar, Arunachal Pradesh, India",2,5,111143,5,12924
2020-04-17 10:18:21 IST,38.7,73.1,140,3.5,"285km NE of Fayzabad, Afghanistan",3,6,125795,11,1076
2020-04-17 08:37:05 IST,39.9,71.3,10,3,"233km SE of Tashkent, Uzbekistan",2,3,71365,13,3946
2020-04-17 07:03:13 IST,37.5,72.2,210,4.4,"152km ENE of Fayzabad, Afghanistan",3,5,52909,4,14598
2020-04-17 06:00:06 IST,36.3,70.7,144,4.5,"90km S of Fayzabad, Afghanistan",3,8,222850,8,3506
2020-04-17 01:10:36 IST,33.2,75.9,5,3,"93km ENE of Katra, Jammu and Kashmir, India",1,6,84936,8,2038
2020-04-16 23:59:02 IST,33.3,71.5,18,3.8,"149km WSW of Islamabad, Pakistan",2,7,90777,6,12862
2020-04-16 17:15:27 IST,22.6,94,70,5.9,"117km SE of Champhai, Mizoram, India",2,4,133892,10,1811
2020-04-16 17:03:31 IST,39.7,74.6,10,3.1,"353km S of Bishkek, Kyrgyzstan",2,3,179804,10,1506
2020-04-16 08:26:22 IST,28.7,77.1,10,2,"13km NW of New Delhi, India",4,8,72773,8,4885
2020-04-16 06:19:50 IST,36.7,71.6,172,4.4,"103km ESE of Fayzabad, Afghanistan",1,1,50059,5,9548
2020-04-16 00:41:01 IST,27.4,86.5,10,4.4,"121km ESE of Kathmandu, Nepal",0,5,37892,5,10675
2020-04-15 21:59:14 IST,35.7,71.1,136,4.3,"163km SSE of Fayzabad, Afghanistan",1,6,179655,5,13224
2020-04-15 10:52:31 IST,31.1,71.8,205,4.6,"297km W of Amritsar, Punjab, India",2,5,48094,13,8136
2020-04-15 03:01:43 IST,36.7,71.6,140,4.7,"103km ESE of Fayzabad, Afghanistan",0,5,98622,8,5931
2020-04-15 01:06:21 IST,3.8,96.2,75,4.5,"437km SE of Campbell Bay, Andaman and Nicobar island, India",1,5,51135,9,5414
2020-04-15 00:53:42 IST,37.3,72.3,160,4.4,"156km E of Fayzabad, Afghanistan",0,5,27582,12,12711
2020-04-15 00:34:01 IST,37.2,71.8,98,4.4,"111km E of Fayzabad, Afghanistan",2,6,85381,12,10871
2020-04-14 22:18:42 IST,33.3,69.5,10,4.2,"142km SSE of Kabul , Afghanistan",2,5,53110,12,13586
2020-04-14 14:56:34 IST,27.7,92.7,15,3.7,"82km E of Tawang, Arunachal Pradesh, India",3,5,65418,11,14462
2020-04-14 14:37:47 IST,36.3,71.9,140,4.5,"149km SE of Fayzabad, Afghanistan",0,8,200305,8,4535
2020-04-14 10:51:38 IST,29.6,82.9,10,3.9,"259km E of Pithoragarh, Uttarakhand, India",5,3,121244,7,7968
2020-04-14 03:13:05 IST,25.1,91.8,34,3.3,"20km SSE of Cherrapunjee, Meghalaya, India",5,5,146573,7,9495
2020-04-14 03:03:02 IST,22.9,93.9,115,3.7,"85km SE of Champhai, Mizoram, India",1,3,141232,15,2499
2020-04-13 23:04:02 IST,12.1,92.8,16,4.3,"53km N of Portblair, Andaman and Nicobar island, India",4,3,94956,8,847
2020-04-13 15:19:39 IST,30,80,5,3.6,"50km NNW of Pithoragarh, Uttarakhand, India",2,7,78014,9,13023
2020-04-13 15:02:46 IST,37.4,71.7,192,4.3,"107km ENE of Fayzabad, Afghanistan",3,4,112446,9,8056
2020-04-13 13:26:32 IST,28.7,77.2,5,2.7,"9km N of New Delhi, India",2,4,108422,10,8583
2020-04-13 03:21:21 IST,37,71.7,150,3.8,"102km E of Fayzabad, Afghanistan",3,2,71559,11,8345
2020-04-13 02:40:08 IST,32.2,72.6,10,3.9,"170km SSW of Islamabad, Pakistan",2,6,106492,13,11336
2020-04-12 17:45:03 IST,28.7,77.2,8,3.5,"9km N of New Delhi, India",2,3,64683,13,2225
2020-04-12 15:21:37 IST,39.8,77.02,10,4,"398km SSE of Bishkek, Kyrgyzstan",2,7,91427,10,9230
2020-04-12 07:39:55 IST,36.7,70.9,272,4,"54km SE of Fayzabad, Afghanistan",2,7,83235,13,7068
2020-04-12 06:02:56 IST,29.3,70,10,4.1,"352km WNW of Bikaner, Rajasthan, India",0,8,36556,12,13459
2020-04-12 05:51:48 IST,37.4,68.6,10,4.2,"130km S of Dushanbe, Tajikistan",4,6,-17557,13,7818
2020-04-11 23:42:43 IST,39.8,77.5,116,4.5,"420km SE of Bishkek, Kyrgyzstan",4,7,53046,7,14146
2020-04-11 22:28:23 IST,36.5,70.8,176,4,"70km SSE of Fayzabad, Afghanistan",1,4,190205,6,5331
2020-04-11 13:14:04 IST,36.4,70.8,10,4,"81km SSE of Fayzabad, Afghanistan",3,7,84515,11,14505
2020-04-11 03:52:26 IST,37.6,74.4,100,4,"344km E of Fayzabad, Afghanistan",0,2,138798,7,13133
2020-04-11 03:21:01 IST,36.7,71.1,300,3.8,"66km SE of Fayzabad, Afghanistan",2,5,-6222,6,8784
2020-04-11 02:51:38 IST,30,80,5,3.1,"50km NNW of Pithoragarh, Uttarakhand, India",0,3,49585,8,5337
2020-04-11 02:37:23 IST,35.68,70.86,150,4,"160km S of Fayzabad, Afghanistan",3,7,32275,6,5670
2020-04-10 19:21:19 IST,36,70.3,109,4.7,"124km S of Fayzabad, Afghanistan",2,5,89884,11,11602
2020-04-10 11:51:38 IST,33.3,76.6,10,3,"115km SSW of Alchi(Leh),Jammu & Kashmir,India",1,7,221097,10,8730
2020-04-10 04:48:36 IST,27.3,91.6,10,2.8,"41km SW of Tawang, Arunachal Pradesh, India",0,9,123011,5,6053
2020-04-10 03:28:57 IST,24.7,94.8,102,3.7,"41km SE of Ukhrul, Manipur, India",0,6,184780,12,9559
2020-04-10 01:21:36 IST,36.7,71.4,204,4.7,"87km ESE of Fayzabad, Afghanistan",4,5,87278,9,11011
2020-04-10 00:16:22 IST,36.5,68.2,96,4,"219km WSW of Fayzabad, Afghanistan",2,7,168243,9,392
2020-04-09 23:24:18 IST,32.6,96.3,10,4.1,"505km N of Pangin, Arunachal Pradesh, India",2,1,203662,7,1393
2020-04-09 21:57:59 IST,28.6,77.6,15,2.4,"21km ENE of Noida, Uttar Pradesh, India",3,3,94531,7,1462
2020-04-09 01:54:47 IST,32.7,76.1,2,2.2,"57km NNW of Dharamshala, Himachal Pradesh, India",5,3,73036,10,3517
2020-04-08 22:01:45 IST,25,94.3,40,3.3,"18km SW of Shirui, Manipur, India",3,11,34109,8,6433
2020-04-08 21:55:39 IST,27.3,91.7,32,3.7,"35km SSW of Tawang, Arunachal Pradesh, India",0,4,84546,9,12064
2020-04-08 11:24:02 IST,23.5,87.1,15,4.1,"21km W of Durgapur, West Bengal, India",0,2,104094,5,5298
2020-04-08 07:32:51 IST,32.6,71.2,10,3.4,"210km SW of Islamabad, Pakistan",2,5,201547,9,311
2020-04-08 03:21:25 IST,39.7,73.9,10,4.7,"357km S of Bishkek, Kyrgyzstan",2,7,35251,10,7276
2020-04-08 02:58:57 IST,37.2,72.2,21,4,"146km E of Fayzabad, Afghanistan",2,2,102983,8,14949
2020-04-08 02:22:39 IST,31.2,78,5,2.8,"67km NW of Uttarkashi, Uttarakhand, India",3,5,9284,11,5267
2020-04-08 01:33:18 IST,27.3,88.6,5,3.2,"3km SSW of Gangtok, Sikkim",0,2,78661,13,14420
2020-04-08 00:42:03 IST,32.9,86.6,10,4.5,"589km N of Kathmandu, Nepal",0,1,115569,8,1565
2020-04-07 21:06:03 IST,24.7,94.1,49,3.1,"21km SE of Imphal, Manipur, India",3,6,125629,8,2637
2020-04-07 20:29:52 IST,27.6,92.7,5,3.1,"81km E of Tawang, Arunachal Pradesh, India",2,4,129451,18,10875
2020-04-07 19:45:58 IST,20.2,72.9,10,2.6,"95km WNW of Nashik, Maharashtra, India",3,7,119870,13,7543
2020-04-07 16:09:09 IST,29.5,95.4,10,4.4,"151km N of Pangin, Arunachal Pradesh, India",1,7,129021,6,11488
2020-04-07 13:54:15 IST,37.4,71.9,127,4.2,"124km ENE of Fayzabad, Afghanistan",3,6,102286,7,12960
2020-04-07 12:59:43 IST,32.8,74.3,199,4.2,"62km WSW of Katra, Jammu and Kashmir, India",3,6,47606,8,3803
2020-04-07 11:46:01 IST,29.6,77.6,5,2,"66km SW of Haridwar, Uttarakhand, India",1,6,7417,12,10258
2020-04-07 02:23:47 IST,33.1,76.17,5,2.6,"99km N of Dharamshala, Himachal Pradesh, India",3,7,72665,7,9133
2020-04-07 00:50:24 IST,2.87,95.82,10,4.7,"506km SSE of Campbell Bay, Andaman and Nicobar island, India",4,4,93269,8,12929
2020-04-06 22:14:28 IST,20.2,72.9,5,2.2,"95km WNW of Nashik, Maharashtra, India",2,9,162696,10,6480
2020-04-06 19:43:24 IST,26.3,93.5,13,2.5,"49km NNW of Dimapur, Nagaland, India",1,4,94969,6,825
2020-04-06 19:32:38 IST,36.7,71.2,191,4.1,"72km SE of Fayzabad, Afghanistan",4,6,90171,9,8634
2020-04-06 19:15:52 IST,36.3,71.2,86,4.6,"106km SE of Fayzabad, Afghanistan",1,7,119276,15,14385
2020-04-06 17:09:06 IST,36.3,71.2,113,4.6,"106km SE of Fayzabad, Afghanistan",1,4,86499,16,268
2020-04-06 15:42:41 IST,36.5,70,92,4.3,"82km SW of Fayzabad, Afghanistan",3,6,140527,12,3641
2020-04-06 15:32:42 IST,36.4,70.1,198,4.6,"87km SSW of Fayzabad, Afghanistan",1,2,198966,15,4775
2020-04-06 14:00:25 IST,28.4,85.7,20,4.2,"84km NNE of Kathmandu, Nepal",4,6,209539,15,11499
2020-04-06 07:03:51 IST,32.3,76.6,5,3.1,"27km ENE of Dharamshala, Himachal Pradesh, India",3,4,104852,16,4882
2020-04-06 05:18:45 IST,32.3,97.2,10,4.5,"498km NNE of Pangin, Arunachal Pradesh, India",0,3,116844,7,3624
2020-04-06 01:51:05 IST,36.6,70.9,232,4.5,"63km SSE of Fayzabad, Afghanistan",2,3,178942,6,9745
2020-04-06 01:08:49 IST,26.7,93.4,5,2.5,"47km SSW of Itanagar, Arunachal Pradesh, India",3,5,92501,8,743
2020-04-06 00:18:31 IST,20,72.9,10,3.1,"93km W of Nashik, Maharashtra, India",2,3,133959,10,2600
2020-04-05 23:24:55 IST,26.8,92.7,12,2.9,"18km NNW of Tezpur, Assam, India",1,4,43241,15,6150
2020-04-05 23:20:32 IST,26.4,92.7,38,4.3,"29km SSW of Tezpur, Assam, India",4,3,84458,14,5366
2020-04-05 09:48:35 IST,31.7,68.8,99,4.2,"319km S of Kabul , Afghanistan",1,6,157805,21,5240
2020-04-05 06:32:53 IST,29,76.7,8,2.5,"14km NE of Rohtak, Haryana, India",1,9,64090,12,1672
2020-04-04 21:03:25 IST,36.7,71.4,236,4,"87km ESE of Fayzabad, Afghanistan",0,5,93597,7,5444
2020-04-04 21:03:24 IST,36.66,71.13,250,4.1,"71km SE of Fayzabad, Afghanistan",3,6,21289,8,11979
2020-04-04 13:59:20 IST,34.2,70.1,10,4.2,"90km ESE of Kabul , Afghanistan",0,4,200288,11,6236
2020-04-04 06:15:55 IST,32.7,85.5,10,4.5,"554km N of Kathmandu, Nepal",2,3,163151,2,8813
2020-04-04 06:14:32 IST,35.5,74.8,60,4,"157km N of Srinagar, Jammu and Kashmir, India",1,9,109404,14,2495
2020-04-04 04:24:43 IST,32.6,85.4,10,4.8,"543km N of Kathmandu, Nepal",1,3,125375,10,1092
2020-04-04 01:54:08 IST,30,87.6,194,3.8,"280km NNW of Lachung, Sikkim, India",2,9,119794,12,13205
2020-04-04 01:15:21 IST,36.6,72.2,56,4,"157km ESE of Fayzabad, Afghanistan",4,4,169215,13,5004
2020-04-03 22:02:13 IST,23.9,92.4,31,2.5,"34km WNW of Aizawal,Mizoram,India",4,8,74059,16,5287
2020-04-03 19:47:56 IST,26.2,93.1,26,3.2,"58km SSE of Tezpur, Assam, India",3,3,136613,10,13171
2020-04-03 17:17:50 IST,12.3,76.7,40,3.2,"98km N of Ooty, Tamil Nadu, India",4,3,153870,7,10631
2020-04-03 04:50:30 IST,36,70.4,180,4.3,"123km S of Fayzabad, Afghanistan",1,5,160766,5,11356
2020-04-03 04:02:01 IST,27.3,92,15,2.9,"33km SSE of Tawang, Arunachal Pradesh, India",2,8,-12968,8,10245
2020-04-03 00:48:53 IST,36,72,186,3.5,"178km SE of Fayzabad, Afghanistan",1,3,70036,9,1631
2020-04-02 23:05:34 IST,26.2,97,20,3.6,"175km SSE of Changlang, Arunachal Pradesh, India",1,4,49041,7,14372
2020-04-02 20:38:35 IST,38.2,83.7,10,4.2,"710km NE of Leh, Laddakh, India",4,8,107479,12,13641
2020-04-02 04:08:03 IST,32.8,85.6,10,4.2,"565km N of Kathmandu, Nepal",2,3,-801,4,3581
2020-04-02 02:03:38 IST,32.9,97.9,10,4.5,"585km NNE of Pangin, Arunachal Pradesh, India",0,3,-2281,11,12069
2020-04-02 00:08:17 IST,37.7,73.6,165,4.2,"277km ENE of Fayzabad, Afghanistan",3,2,208504,12,6170
2020-04-01 23:39:18 IST,20,72.8,18,3,"103km N of Mumbai, Maharashtra, India",1,7,130884,10,10272
2020-04-01 22:20:58 IST,30,80,5,3.3,"50km NNW of Pithoragarh, Uttarakhand, India",2,2,106050,11,2525
2020-04-01 19:11:49 IST,32.5,97.2,10,4.2,"518km NNE of Pangin, Arunachal Pradesh, India",2,6,118183,13,8101
2020-04-01 17:53:27 IST,33,98.8,10,5.3,"620km NNE of Changlang, Arunachal Pradesh, India",0,5,107317,15,1942
2020-04-01 02:21:45 IST,36.1,71.5,88,4,"139km SE of Fayzabad, Afghanistan",2,6,149867,13,8065
2020-04-01 01:42:48 IST,34.6,72.9,15,3.7,"102km N of Islamabad, Pakistan",5,2,68377,7,3691
2020-03-31 09:23:22 IST,25.71,91.74,15,3.2,"20km SSW of Nongpoh, Meghalaya, India",2,10,109330,5,6814
2020-03-31 05:03:22 IST,39.7,72.5,147,4,"328km ESE of Tashkent, Uzbekistan",3,3,111371,11,10036
2020-03-31 01:38:41 IST,37.2,71.7,114,4,"102km E of Fayzabad, Afghanistan",0,6,47657,5,13162
2020-03-30 21:12:32 IST,36.6,71.1,201,4.9,"74km SE of Fayzabad, Afghanistan",2,5,163849,12,2521
2020-03-30 13:32:49 IST,38,74.07,150,4.1,"326km ENE of Fayzabad, Afghanistan",1,7,77716,12,13404
2020-03-30 11:41:35 IST,32.7,76.1,5,3.6,"57km NNW of Dharamshala, Himachal Pradesh, India",3,6,150871,8,5881
2020-03-30 10:42:31 IST,39.4,73.6,10,4.1,"369km NE of Fayzabad, Afghanistan",2,7,105745,15,12664
2020-03-30 07:49:27 IST,32.7,76,5,2.9,"61km NNW of Dharamshala, Himachal Pradesh, India",1,4,181679,9,7712
2020-03-30 07:19:31 IST,36,69.8,158,4.5,"139km SSW of Fayzabad, Afghanistan",2,7,47931,8,12940
2020-03-30 01:35:18 IST,32.7,76.1,5,2.5,"57km NNW of Dharamshala, Himachal Pradesh, India",1,2,45762,9,9959
2020-03-30 00:57:52 IST,24.9,93.6,16,2.6,"34km NNW of Bishnupur, Manipur, India",2,6,54715,14,7655
2020-03-30 00:17:49 IST,32.9,76,10,2.5,"81km NNW of Dharamshala, Himachal Pradesh, India",5,7,106664,7,4722
2020-03-29 23:57:33 IST,32.7,76.1,5,2.5,"57km NNW of Dharamshala, Himachal Pradesh, India",3,5,177073,5,14535
2020-03-29 23:47:46 IST,32.7,76.1,10,4.5,"57km NNW of Dharamshala, Himachal Pradesh, India",4,4,179654,9,12023
2020-03-29 19:58:30 IST,39.81,77.3,30,3.9,"409km SE of Bishkek, Kyrgyzstan",2,5,-15498,12,5748
2020-03-29 15:34:37 IST,39.27,71.96,80,3.1,"270km NNE of Fayzabad, Afghanistan",2,2,112485,16,2542
2020-03-29 11:31:23 IST,32.73,76,3,2.6,"64km NNW of Dharamshala, Himachal Pradesh, India",0,8,-60647,8,11704
2020-03-29 07:05:43 IST,27.35,91.19,10,2.8,"72km WSW of Tawang, Arunachal Pradesh, India",2,5,139751,11,14849
2020-03-29 06:19:29 IST,32.75,76.14,3,2.3,"61km NNW of Dharamshala, Himachal Pradesh, India",1,6,155908,11,4220
2020-03-29 05:05:03 IST,25.9,91.1,13,2,"69km WSW of Guwahati, Assam, India",1,5,97987,18,13742
2020-03-29 03:57:50 IST,35.1,73.4,10,3.5,"147km NW of Gulmarg, Jammu and Kashmir, India",2,6,104199,12,1924
2020-03-29 03:55:26 IST,32.8,76,5,2.4,"71km NNW of Dharamshala, Himachal Pradesh, India",3,8,103681,12,14285
2020-03-29 01:22:07 IST,36.5,70.3,224,4.1,"70km SSW of Fayzabad, Afghanistan",1,7,60777,11,11192
2020-03-28 13:08:58 IST,36.68,71.26,200,4.8,"78km SE of Fayzabad, Afghanistan",2,0,121585,6,5231
2020-03-28 07:43:15 IST,27.2,91.96,15,2.7,"42km SSE of Tawang, Arunachal Pradesh, India",1,4,88429,6,4604
2020-03-28 07:06:54 IST,37.49,72.5,180,4.6,"177km ENE of Fayzabad, Afghanistan",2,7,146514,5,9669
2020-03-28 05:09:32 IST,26.5,93.4,11,2.5,"62km ESE of Tezpur, Assam, India",1,7,94318,7,8922
2020-03-27 20:43:01 IST,32.65,76.26,2,3.2,"48km N of Dharamshala, Himachal Pradesh, India",1,2,56948,14,13788
2020-03-27 18:58:41 IST,32.95,76,3,3.1,"86km NNW of Dharamshala, Himachal Pradesh, India",3,3,23206,10,11505
2020-03-27 18:49:42 IST,32.73,76.2,3,3.6,"58km NNW of Dharamshala, Himachal Pradesh, India",3,9,6796,8,8128
2020-03-27 17:47:26 IST,32.74,76.17,3,2.4,"59km NNW of Dharamshala, Himachal Pradesh, India",1,7,165625,9,13917
2020-03-27 17:45:14 IST,32.38,76.78,3,3,"41km WNW of Manali, Himachal Pradesh, India",0,8,77110,8,8911
2020-03-27 17:39:41 IST,32.73,76.25,3,2.6,"57km N of Dharamshala, Himachal Pradesh, India",3,4,116928,7,12752
2020-03-27 17:17:01 IST,32.75,76.08,3,4.2,"63km NNW of Dharamshala, Himachal Pradesh, India",3,2,189161,9,12622
2020-03-27 17:11:19 IST,32.72,76.18,3,3.5,"57km NNW of Dharamshala, Himachal Pradesh, India",3,6,71859,12,13791
2020-03-27 16:54:39 IST,32.73,76.23,3,2.6,"57km N of Dharamshala, Himachal Pradesh, India",0,2,68626,8,1060
2020-03-27 16:31:15 IST,32.74,76.22,3,2.9,"58km N of Dharamshala, Himachal Pradesh, India",0,4,93391,14,8778
2020-03-27 16:21:13 IST,32.74,76.2,5,2.9,"59km NNW of Dharamshala, Himachal Pradesh, India",0,9,101471,9,7052
2020-03-27 16:06:48 IST,32.73,76.23,3,2.9,"57km N of Dharamshala, Himachal Pradesh, India",4,4,194377,6,7383
2020-03-27 03:34:47 IST,31.5,72.1,21,4.5,"258km SSW of Islamabad, Pakistan",1,3,178291,6,6925
2020-03-26 13:33:50 IST,38.6,71.2,207,4.6,"176km NNE of Fayzabad, Afghanistan",3,4,131043,16,12570
2020-03-26 09:52:19 IST,36.3,71,104,4.5,"97km SSE of Fayzabad, Afghanistan",0,2,172470,9,4810
2020-03-26 08:11:15 IST,37.7,77.3,33,3.8,"365km NNE of Kargil, Laddakh, India",0,7,91089,13,6968
2020-03-26 05:33:57 IST,36.4,70.4,150,4,"79km S of Fayzabad, Afghanistan",4,7,114958,12,3050
2020-03-26 03:45:02 IST,25.6,93.4,25,2.8,"42km WSW of Chumukedima, Nagaland, India",1,2,84924,15,3813
2020-03-26 01:13:07 IST,25.1,91.9,39,2.4,"25km SE of Cherrapunjee, Meghalaya, India",2,4,35481,10,9923
2020-03-26 00:48:16 IST,24.5,94.5,30,3.8,"48km S of Ukhrul, Manipur, India",4,4,160193,10,1798
2020-03-25 14:15:57 IST,34.8,86.1,240,4,"699km ENE of Hanley, Jammu & Kashmir, India",1,5,126584,8,2857
2020-03-25 05:09:30 IST,28.6,87.3,10,4.2,"163km NW of Yuksom, Sikkim, India",0,6,100903,9,7944
2020-03-25 04:43:29 IST,28.6,87.3,10,3.7,"163km NW of Yuksom, Sikkim, India",1,6,99876,15,704
2020-03-25 02:26:44 IST,24.7,95.1,126,3,"67km ESE of Ukhrul, Manipur, India",2,8,24689,12,1947
2020-03-24 20:30:36 IST,8.2,92.4,10,4.5,"212km NW of Campbell Bay, Andaman and Nicobar island, India",1,4,51126,9,12957
2020-03-24 20:16:07 IST,28.6,77,6,2,"15km N of Gurugram, Haryana, India",1,1,116807,11,12699
2020-03-24 20:07:47 IST,32.9,73.6,22,3.4,"84km SW of Rajouri, Jammu and Kashmir",1,4,73544,11,5249
2020-03-24 07:22:24 IST,27.8,76.5,10,3.3,"89km SW of Gurugram, Haryana, India",3,6,89114,8,5252
2020-03-24 06:34:26 IST,25.77,94.16,15,2.8,"11km NNE of Kohima, Nagaland, India",1,3,94767,13,14050
2020-03-24 06:34:25 IST,25.7,94.2,20,2.8,"9km ENE of Kohima, Nagaland, India",1,4,65876,10,436
2020-03-23 05:38:27 IST,36.4,70.7,200,4.2,"79km S of Fayzabad, Afghanistan",3,1,51604,11,8725
2020-03-23 03:11:22 IST,25.6,97.3,155,3,"247km SSE of Changlang, Arunachal Pradesh, India",1,7,19382,4,8980
2020-03-22 21:33:48 IST,37.3,72.3,10,3.5,"156km E of Fayzabad, Afghanistan",2,2,92674,10,11828
2020-03-22 09:01:09 IST,25.5,91,5,2.9,"77km WNW of Cherrapunjee, Meghalaya, India",0,9,130930,11,14278
2020-03-21 21:12:50 IST,37.2,72.1,154.5,4.3,"137km E of Fayzabad, Afghanistan",1,6,17818,7,5369
2020-03-21 13:28:45 IST,23.2,94.3,118,4.5,"103km ESE of Champhai, Mizoram, India",3,5,98797,5,6595
2020-03-21 12:33:47 IST,37.1,71.9,230,3.9,"119km E of Fayzabad, Afghanistan",1,10,114057,12,10085
2020-03-21 11:14:46 IST,18.4,82.3,10,4,"81km SSE of Jagdalpur, Chhattisgarh, India",4,7,50520,10,14510
2020-03-21 10:55:23 IST,30.8,78.9,56,3.2,"45km E of Uttarkashi, Uttarakhand, India",2,5,171107,10,13367
2020-03-21 07:53:15 IST,36.7,72.2,172,4.5,"153km ESE of Fayzabad, Afghanistan",0,4,80714,11,10022
2020-03-21 06:26:18 IST,36.1,70.6,304,4.1,"111km S of Fayzabad, Afghanistan",4,11,94937,11,12858
2020-03-21 05:16:28 IST,37,71.8,10,3.7,"111km E of Fayzabad, Afghanistan",2,4,91936,13,1323
2020-03-21 00:22:11 IST,36.8,71.4,10,3.4,"82km ESE of Fayzabad, Afghanistan",1,3,11461,14,5688
2020-03-20 22:17:58 IST,35.8,70.7,10,3.5,"145km S of Fayzabad, Afghanistan",1,1,150437,14,245
2020-03-20 20:13:11 IST,27.2,92.8,5,3.2,"60km N of Tezpur, Assam, India",2,7,52224,14,2703
2020-03-20 07:03:15 IST,28.6,87.3,10,5.6,"163km NW of Yuksom, Sikkim, India",1,5,88173,12,9475
2020-03-20 01:37:42 IST,36.8,70.7,15.8,3.1,"35km SSE of Fayzabad, Afghanistan",2,7,129883,12,13289
2020-03-19 20:26:39 IST,38.9,72.5,45,4.4,"263km NE of Fayzabad, Afghanistan",2,5,173045,6,9510
2020-03-19 19:34:36 IST,38,74.2,90,4,"337km ENE of Fayzabad, Afghanistan",1,2,46003,8,9978
2020-03-19 18:29:01 IST,8.8,93.9,40,4.2,"199km N of Campbell Bay, Andaman and Nicobar island, India",1,5,77675,12,1602
2020-03-19 09:19:04 IST,20,72.9,10,3.3,"93km W of Nashik, Maharashtra, India",5,9,169120,10,9989
2020-03-18 20:29:29 IST,31.2,79.2,5,3.3,"79km NNW of Joshimath, Uttarakhand , India",1,11,123185,10,6842
2020-03-18 06:39:13 IST,34.8,72.3,39,3.7,"141km NNW of Islamabad, Pakistan",6,6,133558,5,9789
2020-03-18 05:15:16 IST,34.3,69.6,150,4.2,"45km SE of Kabul , Afghanistan",4,6,47443,9,4926
2020-03-18 01:31:25 IST,32.5,85.3,150,4,"531km N of Kathmandu, Nepal",2,3,81039,11,8743
2020-03-18 01:17:37 IST,25.5,90.9,10,3.2,"69km E of Tura, Meghalaya, India",1,8,91608,13,6389
2020-03-17 09:35:09 IST,34.4,85.9,10,4.4,"669km ENE of Hanley, Jammu & Kashmir, India",1,3,57105,6,8401
2020-03-17 06:08:24 IST,36.5,69.8,10,4.3,"94km SW of Fayzabad, Afghanistan",3,8,16271,11,2248
2020-03-17 05:26:19 IST,26.9,75.3,39,3.1,"48km W of Jaipur, Rajasthan, India",2,7,74475,7,5967
2020-03-17 04:05:59 IST,36.8,71.4,10,4.1,"82km ESE of Fayzabad, Afghanistan",1,6,167714,11,5645
2020-03-15 21:47:06 IST,32.5,85.5,51,4.5,"532km N of Kathmandu, Nepal",4,6,102958,9,11059
2020-03-15 20:30:16 IST,28.2,84.2,10,4.1,"122km WNW of Kathmandu, Nepal",2,3,168714,10,10610
2020-03-15 19:55:14 IST,36.9,71.2,160,4.4,"61km ESE of Fayzabad, Afghanistan",1,7,108951,10,13637
2020-03-15 18:40:44 IST,29,95.2,30,4,"95km N of Pangin, Arunachal Pradesh, India",3,4,61764,7,9499
2020-03-15 15:40:07 IST,27.7,91.1,10,2.9,"77km W of Tawang, Arunachal Pradesh, India",2,4,163880,9,4752
2020-03-15 14:50:58 IST,36.3,70.8,180,4.2,"91km SSE of Fayzabad, Afghanistan",4,10,110616,2,11759
2020-03-15 12:33:31 IST,27.2,92.1,19,2.5,"47km SSE of Tawang, Arunachal Pradesh, India",4,6,148091,14,7480
2020-03-15 01:57:03 IST,38.9,70.5,10,3.7,"153km ENE of Dushanbe, Tajikistan",1,2,46583,8,2942
2020-03-14 05:23:32 IST,35.9,69.3,150,4.4,"149km N of Kabul , Afghanistan",4,4,151937,6,11223
2020-03-12 21:14:05 IST,32.7,85.5,10,5,"554km N of Kathmandu, Nepal",0,3,153444,7,2031
2020-03-11 22:13:24 IST,32.5,85.2,130,4,"532km N of Kathmandu, Nepal",3,9,114488,12,2713
2020-03-11 19:49:30 IST,32.5,78.6,10,4.1,"40km WSW of Hanley, Jammu & Kashmir, India",3,6,59653,12,11393
2020-03-11 08:12:44 IST,38.2,74.1,166,4.2,"335km ENE of Fayzabad, Afghanistan",2,3,97699,13,11563
2020-03-11 04:55:20 IST,30.7,78.6,10,2.6,"16km E of Uttarkashi, Uttarakhand, India",3,7,130564,9,11872
2020-03-11 04:38:37 IST,3.5,97.6,190,4.7,"455km W of Kuala Lumpur, Malaysia",1,5,111728,9,4435
2020-03-11 00:23:54 IST,36.9,72.8,250,3.9,"201km E of Fayzabad, Afghanistan",4,7,130054,12,13005
2020-03-10 10:52:15 IST,37,71.5,10,3.9,"85km E of Fayzabad, Afghanistan",3,7,150612,8,10853
2020-03-10 08:09:27 IST,36.7,71.3,180,4.2,"80km ESE of Fayzabad, Afghanistan",0,2,67577,9,12517
2020-03-10 06:12:18 IST,32.8,85.6,10,4.1,"565km N of Kathmandu, Nepal",2,7,42246,8,10643
2020-03-10 01:48:36 IST,27.8,94.3,10,2.5,"43km WSW of Basar, Arunachal Pradesh, India",1,3,98123,9,8714
2020-03-10 01:24:21 IST,20,72.5,10,2.9,"110km NNW of Mumbai, Maharashtra, India",0,7,83512,9,1685
2020-03-10 00:42:41 IST,25.7,94.5,10,2.7,"39km E of Kohima, Nagaland, India",3,5,139292,6,10678
2020-03-10 00:08:58 IST,32.4,85.4,186,4.3,"520km N of Kathmandu, Nepal",1,8,46275,15,10372
2020-03-09 23:54:24 IST,32.8,85.5,33,4.6,"565km N of Kathmandu, Nepal",1,3,151019,10,4721
2020-03-09 23:50:01 IST,32.6,85.3,10,4.8,"543km N of Kathmandu, Nepal",1,7,167680,15,11050
2020-03-09 23:42:09 IST,32.7,85.5,10,5.3,"554km N of Kathmandu, Nepal",4,4,100015,11,8279
2020-03-09 17:18:40 IST,19.9,73,10,2.3,"83km W of Nashik, Maharashtra, India",3,3,103036,5,8413
2020-03-09 14:18:17 IST,20.9,81.8,30,4,"42km SSE of Raipur, Chhattisgarh, India",0,3,61622,14,5545
2020-03-09 04:41:28 IST,36.7,71.3,39,3.5,"80km ESE of Fayzabad, Afghanistan",1,2,72866,8,1795
2020-03-09 01:50:53 IST,29.9,79.9,5,2.4,"46km NW of Pithoragarh, Uttarakhand, India",4,9,79583,11,3293
2020-03-08 22:29:18 IST,32.8,85.5,10,4.5,"565km N of Kathmandu, Nepal",2,10,172147,13,11544
2020-03-08 09:34:55 IST,34.4,73.3,15,3.6,"83km NNE of Islamabad, Pakistan",1,7,96406,13,4108
2020-03-08 04:28:17 IST,36.8,75.6,10,4.2,"254km N of Kargil, Laddakh, India",2,7,33891,10,83
2020-03-07 10:03:28 IST,35.9,70.4,349,4,"134km S of Fayzabad, Afghanistan",1,4,112767,5,14955
2020-03-07 09:35:46 IST,23.2,96.1,48,4.5,"144km N of Burma, Myanmar",3,4,141314,14,3199
2020-03-07 09:30:24 IST,34.8,73.3,18,3.7,"126km N of Islamabad, Pakistan",3,5,98729,7,9847
2020-03-07 06:30:10 IST,40,70.3,10,3.7,"169km SSE of Tashkent, Uzbekistan",6,3,173460,10,13907
2020-03-07 06:14:58 IST,36.2,71.3,10,4.2,"120km SE of Fayzabad, Afghanistan",1,7,138875,13,9015
2020-03-07 03:12:43 IST,35.7,77.6,110,3.6,"169km NNE of Alchi(Leh),Jammu & Kashmir,India",3,4,47543,6,11995
2020-03-06 16:47:11 IST,24.7,94.3,14,3.4,"31km SW of Ukhrul, Manipur, India",1,4,72428,6,14646
2020-03-06 09:51:44 IST,34.1,71.5,269,4.1,"150km WNW of Islamabad, Pakistan",4,4,111311,11,12912
2020-03-06 01:29:19 IST,27.8,66.3,30,4.5,"673km NNW of Dwarka, Gujarat, India",2,8,16690,12,8390
2020-03-05 21:35:57 IST,29.5,67.5,10,4.1,"584km SSW of Kabul , Afghanistan",3,5,116817,5,5487
2020-03-05 21:04:18 IST,27.3,94,8,2.8,"45km ENE of Itanagar, Arunachal Pradesh, India",1,3,11920,10,7262
2020-03-05 12:29:55 IST,25.6,96.9,13,4.3,"239km S of Changlang, Arunachal Pradesh, India",2,11,151171,8,12635
2020-03-05 01:19:23 IST,36.6,70.9,239,4,"63km SSE of Fayzabad, Afghanistan",2,7,145363,6,12807
2020-03-04 18:58:48 IST,31.4,94.8,140,4.1,"365km N of Pangin, Arunachal Pradesh, India",2,5,125239,17,12695
2020-03-04 17:12:34 IST,33.3,75.6,5,3.4,"71km ENE of Katra, Jammu and Kashmir, India",1,6,66206,12,8978
2020-03-04 09:53:06 IST,36.5,70.8,110,4.1,"70km SSE of Fayzabad, Afghanistan",4,2,108510,8,7180
2020-03-04 05:49:58 IST,24.3,96.5,10,4.2,"216km ESE of Ukhrul, Manipur, India",1,1,74331,13,4704
2020-03-04 03:32:13 IST,25.9,90.8,0.8,2.4,"73km NE of Tura, Meghalaya, India",1,3,48459,8,100
2020-03-03 14:48:45 IST,17.2,93.7,30,4.5,"265km W of Yangon, Myanmar",2,5,83062,9,11479
2020-03-03 03:23:24 IST,38,74.2,200,4.3,"337km ENE of Fayzabad, Afghanistan",2,7,134913,8,4191
2020-03-03 02:16:58 IST,24.2,94.7,160,3.6,"84km SSE of Ukhrul, Manipur, India",5,3,102190,9,4978
2020-03-03 01:38:30 IST,36.2,71.6,150,4,"137km SE of Fayzabad, Afghanistan",0,4,172535,8,12660
2020-03-03 00:02:33 IST,32,89.4,10,4.2,"483km N of Lachung, Sikkim, India",0,2,138289,11,831
2020-03-02 22:46:24 IST,37.6,72.2,158,4.2,"156km ENE of Fayzabad, Afghanistan",2,5,132934,11,13917
2020-03-02 21:05:54 IST,33.7,80.4,10,4.8,"174km NE of Hanley, Jammu & Kashmir, India",1,2,19553,7,70
2020-03-01 13:00:25 IST,35.02,69.73,38,3.4,"70km NE of Kabul , Afghanistan",4,5,85742,6,14090
2020-03-01 11:31:46 IST,36.2,71.3,200,4.1,"120km SE of Fayzabad, Afghanistan",4,7,46781,11,6848
2020-03-01 10:13:38 IST,31.3,77.4,5,3.2,"30km NE of Shimla, Himachal Pradesh, India",2,3,90849,6,1576
2020-03-01 04:23:51 IST,27.9,94.2,5,3.2,"48km W of Basar, Arunachal Pradesh, India",1,6,65336,10,10128
2020-03-01 01:35:24 IST,26.5,92.1,10,4.2,"53km NE of Guwahati, Assam, India",1,3,81119,22,13443
2020-02-29 12:52:40 IST,36.5,71.3,180,4,"94km SE of Fayzabad, Afghanistan",4,10,153058,13,6599
2020-02-29 04:41:56 IST,33,76.2,10,3.2,"87km N of Dharamshala, Himachal Pradesh, India",1,5,123762,6,10385
2020-02-29 02:12:37 IST,37,71.3,110,3.7,"67km E of Fayzabad, Afghanistan",8,3,150355,4,14691
2020-02-29 00:35:41 IST,24.7,91.8,10,2.8,"50km NW of Dharmanagar, Tripura, India",0,7,19965,10,3648
2020-02-28 19:02:22 IST,33,76.1,10,2.8,"89km NNW of Dharamshala, Himachal Pradesh, India",1,3,102898,7,12315
2020-02-28 18:54:22 IST,35.7,70.6,50,4.3,"155km S of Fayzabad, Afghanistan",3,5,148335,7,4463
2020-02-28 16:37:13 IST,32.9,76.1,10,4.1,"78km NNW of Dharamshala, Himachal Pradesh, India",1,4,175314,7,6423
2020-02-28 14:42:29 IST,33,76.1,5,3.1,"89km NNW of Dharamshala, Himachal Pradesh, India",3,7,22595,8,4262
2020-02-28 11:20:18 IST,35.2,71.9,80,4.7,"198km NNW of Islamabad, Pakistan",2,4,82425,10,6717
2020-02-28 10:48:40 IST,31.4,77.4,5,2.7,"39km NNE of Shimla, Himachal Pradesh, India",2,4,151711,12,126
2020-02-28 00:24:20 IST,36.3,71.4,110,3.2,"116km SE of Fayzabad, Afghanistan",1,3,90386,13,4586
2020-02-27 20:31:21 IST,36.2,70.2,100,4.1,"104km SSW of Fayzabad, Afghanistan",2,6,54479,10,6707
2020-02-27 15:16:46 IST,33,76.1,10,3.6,"89km NNW of Dharamshala, Himachal Pradesh, India",0,10,22500,13,9501
2020-02-27 03:47:58 IST,19.5,77,29,2.5,"133km S of Akola,Maharashtra,India",1,3,52564,4,9578
2020-02-26 22:42:36 IST,33,76.1,10,2.7,"89km NNW of Dharamshala, Himachal Pradesh, India",0,5,15554,9,8777
2020-02-26 20:34:04 IST,33.4,76.3,10,5.2,"114km SE of Pahalgam, Jammu and Kashmir, India",5,4,102923,11,4430
2020-02-26 18:47:52 IST,25.5,91.1,5,3,"68km WNW of Cherrapunjee, Meghalaya, India",4,5,144815,12,14213
2020-02-26 07:58:05 IST,32.9,76,5,3.6,"81km NNW of Dharamshala, Himachal Pradesh, India",3,2,36951,5,5909
2020-02-26 03:18:41 IST,37.2,72,125,4.8,"129km E of Fayzabad, Afghanistan",1,3,112886,11,3292
2020-02-26 02:09:21 IST,31.8,77.3,5,2.2,"25km SE of Kullu, Himachal Pradesh, India",2,4,142263,13,8339
2020-02-25 16:14:35 IST,36.4,77,231,3.9,"219km NNE of Kargil, Laddakh, India",1,6,99864,7,11246
2020-02-25 11:46:23 IST,24.4,90.3,100,3.7,"66km N of Dhaka, Bangladesh",4,7,19465,10,232
2020-02-25 06:40:12 IST,25.5,91.7,14,2.7,"21km WSW of Shillong, Meghalaya, India",1,4,119310,9,4181
2020-02-25 03:50:49 IST,24.8,91.7,10,3.8,"52km S of Cherrapunjee, Meghalaya, India",0,7,97267,2,12383
2020-02-24 13:23:30 IST,28.9,76.7,6,2.4,"9km E of Rohtak, Haryana, India",3,4,92174,7,7629
2020-02-24 12:37:59 IST,24.4,94.4,73,3.2,"59km S of Ukhrul, Manipur, India",1,5,72658,6,6156
2020-02-24 01:03:22 IST,25.8,97.2,10,3.8,"222km SSE of Changlang, Arunachal Pradesh, India",3,6,104339,6,13966
2020-02-23 14:49:51 IST,37.56,71.6,200,4.1,"106km ENE of Fayzabad, Afghanistan",0,9,125490,9,1388
2020-02-23 13:01:41 IST,25.5,97.4,39,3.8,"260km SSE of Changlang, Arunachal Pradesh, India",2,3,219532,7,9252
2020-02-23 08:44:14 IST,36.59,70.45,160,4,"57km S of Fayzabad, Afghanistan",2,9,105616,12,5165
2020-02-23 06:10:56 IST,37.3,71.9,180,4,"121km E of Fayzabad, Afghanistan",1,6,175557,8,1108
2020-02-23 05:35:03 IST,26.2,92.6,28,2.8,"53km SSW of Tezpur, Assam, India",3,2,117887,8,3245
2020-02-23 05:12:35 IST,25.7,94.9,30,3.4,"77km ESE of Wokha, Nagaland, India",3,9,95023,8,9437
2020-02-22 17:01:10 IST,23.9,94.3,26,3.4,"85km SE of Moirang, Manipur, India",1,4,107427,8,472
2020-02-22 14:16:03 IST,37.1,71.8,113,4.8,"110km E of Fayzabad, Afghanistan",1,5,38913,11,8904
2020-02-22 05:59:09 IST,27.4,91.9,5,3.4,"19km S of Tawang, Arunachal Pradesh, India",3,5,115293,7,14354
2020-02-22 04:20:42 IST,33.2,75.9,9,2.9,"93km ENE of Katra, Jammu and Kashmir, India",1,4,396,11,11936
2020-02-21 21:09:16 IST,39.7,77.5,10,5.1,"429km SE of Bishkek, Kyrgyzstan",0,3,56866,8,5216
2020-02-21 16:14:03 IST,36,71.2,10,3.7,"135km SSE of Fayzabad, Afghanistan",1,5,105492,15,2116
2020-02-21 08:32:32 IST,24.9,91.4,10,2.9,"53km SW of Cherrapunjee, Meghalaya, India",3,4,159699,9,7002
2020-02-21 06:31:52 IST,19.8,88,10,4.7,"226km E of Puri, Odisha, India",4,3,171531,11,5924
2020-02-21 02:05:03 IST,25.5,92.8,15,3.3,"91km E of Shillong, Meghalaya, India",2,5,88172,7,14577
2020-02-20 23:31:36 IST,34.4,85.7,10,4.8,"652km ENE of Hanley, Jammu & Kashmir, India",0,6,107785,11,14848
2020-02-19 21:03:07 IST,36.2,72.2,180,4,"178km ESE of Fayzabad, Afghanistan",2,9,149218,6,6188
2020-02-19 20:58:29 IST,29.5,81.5,10,3,"124km E of Pithoragarh, Uttarakhand, India",1,3,33525,8,2274
2020-02-19 04:37:07 IST,38.7,71.8,80,4.5,"209km NNE of Fayzabad, Afghanistan",3,5,120237,7,13663
2020-02-19 01:19:54 IST,30.3,85.6,33,4,"288km N of Kathmandu, Nepal",2,7,58605,12,11913
2020-02-18 16:58:05 IST,37.41,72.46,100,4.6,"172km ENE of Fayzabad, Afghanistan",2,5,91408,13,7693
2020-02-18 12:48:32 IST,31.5,77.5,5,2,"53km NE of Shimla, Himachal Pradesh, India",2,2,77048,12,5512
2020-02-18 05:59:05 IST,36.7,71.5,169,4.2,"95km ESE of Fayzabad, Afghanistan",0,5,121767,14,6750
2020-02-18 03:40:05 IST,33.8,75.9,17,3.6,"59km ESE of Pahalgam, Jammu and Kashmir, India",3,7,127515,8,13533
2020-02-18 03:33:50 IST,25.6,93.8,8,2.6,"23km SSE of Chumukedima, Nagaland, India",2,8,144553,12,2810
2020-02-18 01:01:43 IST,34.4,76.1,8,2.2,"17km S of Kargil, Laddakh, India",0,2,117409,17,12111
2020-02-17 12:46:32 IST,35.5,74.7,74,4.1,"157km N of Srinagar, Jammu and Kashmir, India",2,3,108582,6,321
2020-02-17 12:46:23 IST,36.1,74.9,10,4,"205km NNW of Kargil, Laddakh, India",2,6,192701,14,13812
2020-02-17 05:04:25 IST,36.2,70.05,180,4,"109km SSW of Fayzabad, Afghanistan",2,3,23782,14,7529
2020-02-17 00:35:12 IST,36.26,71.85,150,3.5,"148km SE of Fayzabad, Afghanistan",2,6,184780,13,3439
2020-02-16 22:48:50 IST,34.7,77.6,10,3.6,"60km N of Leh, Laddakh, India",3,10,85508,11,92
2020-02-16 22:44:00 IST,34.58,77.66,10,3.2,"48km N of Leh, Laddakh, India",1,2,128544,10,8415
2020-02-16 20:17:52 IST,26.3,93.1,30,2.9,"49km SE of Tezpur, Assam, India",2,6,83717,18,3705
2020-02-16 19:46:14 IST,24.6,94.7,17,2.7,"43km SSE of Ukhrul, Manipur, India",2,5,64872,10,9487
2020-02-16 00:00:21 IST,36.6,71.9,200,3.5,"132km ESE of Fayzabad, Afghanistan",3,3,124228,9,4253
2020-02-15 17:22:07 IST,28.6,76.6,9,2.3,"5km W of Jhajjar, Haryana",2,4,152106,9,1365
2020-02-15 14:54:24 IST,39.5,73.3,10,3.2,"358km NE of Fayzabad, Afghanistan",4,5,123650,9,7600
2020-02-15 14:54:24 IST,39.5,73.3,10,4.2,"358km NE of Fayzabad, Afghanistan",2,5,72894,9,8489
2020-02-15 13:42:18 IST,22.94,93.36,3.4,2.8,"57km S of Champhai, Mizoram, India",1,9,280567,10,6816
2020-02-15 09:55:08 IST,25.28,94.84,127,2.9,"45km ENE of Shirui, Manipur, India",1,6,159928,9,6897
2020-02-15 04:58:53 IST,21.7,93.5,30,3.5,"190km SSE of Thenzawl, Mizoram, India",0,4,146667,7,8865
2020-02-14 23:07:58 IST,26.2,92.9,27,2.5,"51km SSE of Tezpur, Assam, India",2,3,82351,7,7918
2020-02-14 20:05:28 IST,25,94.6,76,3.6,"14km ENE of Ukhrul, Manipur, India",4,4,68741,11,2031
2020-02-14 19:49:45 IST,36.6,72.6,90,3.9,"190km ESE of Fayzabad, Afghanistan",1,2,86008,9,2996
2020-02-14 05:03:37 IST,36.32,71.28,200,4.2,"108km SE of Fayzabad, Afghanistan",0,5,154070,6,2169
2020-02-14 01:48:49 IST,39.4,73.5,10,3.5,"363km NE of Fayzabad, Afghanistan",2,4,50469,12,10414
2020-02-14 01:43:53 IST,26.6,92.2,5,2.6,"59km W of Tezpur, Assam, India",0,2,46589,7,7952
2020-02-13 22:21:29 IST,37.1,70.9,230,3.7,"31km E of Fayzabad, Afghanistan",0,5,126977,13,6476
2020-02-13 17:23:15 IST,30,87,10,4.4,"301km NNE of Kathmandu, Nepal",3,11,115959,6,11985
2020-02-13 05:31:17 IST,38.6,70.12,40,3.8,"116km E of Dushanbe, Tajikistan",2,4,61484,9,4920
2020-02-12 03:21:07 IST,36.2,70.4,150,3.5,"101km S of Fayzabad, Afghanistan",3,6,45439,10,8543
2020-02-12 02:34:16 IST,4.6,83.5,10,4.5,"478km ESE of Colombo, Sri Lanka",1,2,171894,6,1162
2020-02-11 23:22:43 IST,17.8,93.7,10,4.1,"283km WNW of Yangon, Myanmar",1,4,117850,5,11178
2020-02-11 23:04:31 IST,24.9,95,120,3,"52km E of Ukhrul, Manipur, India",2,9,31823,18,10443
2020-02-11 14:50:59 IST,36.6,71.4,213,4.3,"93km SE of Fayzabad, Afghanistan",4,2,35318,8,12045
2020-02-11 14:16:51 IST,36,70.6,127,4.4,"122km S of Fayzabad, Afghanistan",3,5,81924,10,13272
2020-02-11 02:26:56 IST,37.2,72.2,70,4.2,"146km E of Fayzabad, Afghanistan",1,4,136642,8,11382
2020-02-11 02:14:25 IST,32.9,73.6,10,3.5,"84km SW of Rajouri, Jammu and Kashmir",4,5,129750,12,12675
2020-02-11 01:18:17 IST,11,92.8,10,3.2,"69km S of Portblair, Andaman and Nicobar island, India",1,3,156583,12,5217
2020-02-10 23:50:08 IST,13.3,93.2,19,4.3,"23km E of Diglipur, Andaman and Nicobar island, India",3,4,25482,10,5182
2020-02-10 23:16:16 IST,22.9,94.6,13,3.5,"144km ESE of Champhai, Mizoram, India",1,5,111192,8,14167
2020-02-10 03:51:01 IST,32.8,76.5,5,2.6,"66km NNE of Dharamshala, Himachal Pradesh, India",1,7,171295,13,13722
2020-02-10 01:07:30 IST,23.1,94.7,20,4.1,"145km ESE of Champhai, Mizoram, India",2,6,166640,12,8250
2020-02-10 00:40:39 IST,20.3,93.7,10,3.8,"294km SW of Burma, Myanmar",3,5,117945,5,5530
2020-02-09 14:18:56 IST,12.6,93.2,10,4.3,"77km SSE of Diglipur, Andaman and Nicobar island, India",1,7,217400,15,12996
2020-02-09 14:03:44 IST,33.2,76.3,10,2.5,"109km N of Dharamshala, Himachal Pradesh, India",3,5,130464,13,4884
2020-02-09 13:44:22 IST,36.3,70,150,3.9,"101km SSW of Fayzabad, Afghanistan",2,9,152137,14,2346
2020-02-09 06:44:42 IST,26.3,90.8,13,2.9,"95km W of Guwahati, Assam, India",2,5,102222,8,9610
2020-02-09 01:46:05 IST,24.7,94.7,35,2.8,"34km SE of Ukhrul, Manipur, India",2,5,60951,12,687
2020-02-08 23:45:24 IST,25.56,93.08,20,2.6,"72km WSW of Chumukedima, Nagaland, India",0,8,56239,7,5717
2020-02-08 18:17:03 IST,26.3,90.7,10,5,"100km NNE of Tura, Meghalaya, India",5,4,109080,6,12124
2020-02-08 06:31:47 IST,29.8,80,20,4.7,"32km NW of Pithoragarh, Uttarakhand, India",2,2,89424,8,4463
2020-02-08 02:37:03 IST,23.37,94.15,10,3.2,"84km E of Champhai, Mizoram, India",2,5,11570,8,13973
2020-02-08 02:34:32 IST,28.98,76.71,5,2.1,"13km NE of Rohtak, Haryana, India",0,3,48710,5,14339
2020-02-07 21:22:09 IST,23.65,93.53,10,3.7,"29km NE of Champhai, Mizoram, India",4,2,84079,9,12246
2020-02-07 16:30:41 IST,11.22,93.62,10,4.9,"107km ESE of Portblair, Andaman and Nicobar island, India",1,5,136363,12,14815
2020-02-07 11:34:29 IST,18.5,73,10,2.5,"65km SSE of Mumbai, India",1,8,99196,14,7984
2020-02-06 09:02:05 IST,36.4,71.1,110,3.4,"92km SSE of Fayzabad, Afghanistan",5,3,96396,10,8559
2020-02-06 02:17:08 IST,7.3,73.7,10,4.5,"129km SE of Minicoy, Lakshsdweep Island, India",0,4,50654,8,12550
2020-02-06 01:36:37 IST,26.2,65.9,37,4.4,"538km NW of Dwarka, Gujarat, India",2,11,101158,7,7417
2020-02-05 12:58:10 IST,32.8,70.3,10,3.8,"219km SSE of Kabul , Afghanistan",1,4,165955,11,6130
2020-02-05 02:02:51 IST,36.3,71.2,107,5.2,"106km SE of Fayzabad, Afghanistan",3,7,107778,10,9240
2020-02-04 23:56:27 IST,22.1,94,203,4.4,"165km SSE of Champhai, Mizoram, India",2,1,24634,17,9882
2020-02-04 11:25:19 IST,32.6,78.9,16,3.6,"11km SW of Hanley, Jammu & Kashmir, India",5,3,37423,8,11275
2020-02-04 10:35:39 IST,34.5,70.7,122,4.9,"136km E of Kabul , Afghanistan",3,2,129439,15,10039
2020-02-04 05:42:56 IST,33.4,64.9,86,4.5,"417km WSW of Kabul , Afghanistan",2,6,88784,9,11198
2020-02-04 04:13:22 IST,32.8,76.4,5,2.5,"65km N of Dharamshala, Himachal Pradesh, India",2,3,96270,10,10134
2020-02-03 21:41:16 IST,37.4,72.2,150,4.5,"149km ENE of Fayzabad, Afghanistan",1,5,69363,16,7232
2020-02-03 21:16:40 IST,39.6,73.9,30,3.7,"368km S of Bishkek, Kyrgyzstan",0,8,125170,8,2067
2020-02-03 20:34:53 IST,23.2,94.3,180,4,"103km ESE of Champhai, Mizoram, India",1,8,84954,13,11792
2020-02-03 12:34:59 IST,39.8,72.1,10,3,"293km ESE of Tashkent, Uzbekistan",3,2,90669,6,510
2020-02-03 11:47:40 IST,38.1,73.3,10,3.7,"266km ENE of Fayzabad, Afghanistan",1,6,57438,9,14887
2020-02-03 10:56:26 IST,36.4,71.3,90,4.4,"102km SE of Fayzabad, Afghanistan",1,7,146084,14,12435
2020-02-03 09:35:15 IST,36.3,71,10,3.7,"97km SSE of Fayzabad, Afghanistan",0,3,88943,16,10080
2020-02-02 11:06:58 IST,38.32,75.27,198,5,"425km N of Kargil, Laddakh, India",2,4,130394,13,14500
2020-02-01 15:14:01 IST,28.8,95.5,49,5.1,"76km NNE of Pangin, Arunachal Pradesh, India",3,8,40320,10,9206
2020-02-01 12:45:36 IST,31.7,75.8,19,2.4,"46km NNE of Jalandhar, Punjab, India",4,6,186694,16,893
2020-01-31 21:02:15 IST,34.8,65.6,10,4.7,"331km W of Kabul , Afghanistan",2,5,163868,7,8412
2020-01-31 16:37:32 IST,31.06,66.38,190,4.7,"469km SW of Kabul , Afghanistan",3,2,4510,10,4194
2020-01-31 16:25:25 IST,24.6,97.8,10,4.4,"337km E of Ukhrul, Manipur, India",3,6,59903,13,5573
2020-01-31 13:24:42 IST,20.1,72.8,9,3.3,"104km W of Nashik, Maharashtra, India",2,5,123881,11,6920
2020-01-31 11:15:37 IST,39.8,77,76,4.7,"397km SSE of Bishkek, Kyrgyzstan",3,8,34013,17,11630
2020-01-31 04:00:15 IST,36.9,71.9,40,3.5,"121km E of Fayzabad, Afghanistan",0,3,93420,6,7568
2020-01-31 03:13:31 IST,12.3,94.3,17,3.5,"178km SE of Diglipur, Andaman and Nicobar island, India",2,5,121331,8,7146
2020-01-31 02:58:50 IST,25.4,94.7,90,2.6,"41km NE of Shirui, Manipur, India",2,4,90763,11,4564
2020-01-31 00:39:57 IST,33.2,76.3,10,3.3,"109km N of Dharamshala, Himachal Pradesh, India",4,7,126941,20,8121
2020-01-30 16:14:51 IST,20.1,72.8,13,3,"104km W of Nashik, Maharashtra, India",2,9,65333,9,3763
2020-01-30 10:36:20 IST,28.9,91.8,10,3,"147km N of Tawang, Arunachal Pradesh, India",2,6,-12209,11,3951
2020-01-30 04:52:43 IST,30.1,96.1,32,3.8,"232km NNE of Pangin, Arunachal Pradesh, India",2,13,149105,9,11371
2020-01-30 03:15:34 IST,28.6,91.7,10,4.5,"114km N of Tawang, Arunachal Pradesh, India",2,3,148790,9,5171
2020-01-29 20:41:02 IST,10.8,93.5,10,4.3,"124km SE of Portblair, Andaman and Nicobar island, India",1,7,225181,5,818
2020-01-29 19:13:05 IST,24.53,94.95,120,4,"65km SE of Ukhrul, Manipur, India",2,5,-10359,6,5187
2020-01-29 17:35:20 IST,36.5,71,130,4.6,"77km SSE of Fayzabad, Afghanistan",3,6,137541,9,9596
2020-01-29 15:07:20 IST,0.5,91.83,10,4.8,"759km SSW of Campbell Bay, Andaman and Nicobar island, India",1,11,1565,11,12219
2020-01-29 11:40:45 IST,33.5,75.5,10,3.3,"59km SSE of Pahalgam, Jammu and Kashmir, India",3,7,187824,15,14430
2020-01-29 02:01:44 IST,16.47,93.18,103,5.2,"321km W of Yangon, Myanmar",3,4,124393,18,11205
2020-01-29 01:59:40 IST,7.5,92.2,17,5.1,"195km WNW of Campbell Bay, Andaman and Nicobar island, India",1,8,52403,12,6461
2020-01-29 01:15:50 IST,33.9,69.54,160,4.8,"79km SSE of Kabul , Afghanistan",1,6,139011,13,4521
2020-01-28 07:44:15 IST,29.4,81.8,15,4.2,"154km E of Pithoragarh, Uttarakhand, India",4,4,72347,8,1987
2020-01-28 06:13:35 IST,36.6,71.6,98,4.6,"108km ESE of Fayzabad, Afghanistan",2,4,115020,11,9433
2020-01-28 02:37:04 IST,24.7,92.2,98,3.6,"36km N of Dharmanagar, Tripura, India",1,7,110298,5,7672
2020-01-28 02:27:57 IST,30.7,70,160,4.8,"435km S of Kabul , Afghanistan",1,8,187208,15,10181
2020-01-28 01:51:01 IST,27.1,92.3,10,3.1,"67km SE of Tawang, Arunachal Pradesh, India",0,3,190746,11,3595
2020-01-27 20:20:08 IST,35,73.4,67,3.7,"138km NW of Gulmarg, Jammu and Kashmir, India",2,8,70136,5,4888
2020-01-27 19:56:34 IST,35.5,74.8,10,3.6,"157km N of Srinagar, Jammu and Kashmir, India",3,6,152905,7,4416
2020-01-27 12:40:43 IST,24.9,91.7,40,4.6,"41km S of Cherrapunjee, Meghalaya, India",2,8,117742,12,11974
2020-01-26 18:54:34 IST,25.9,90.3,7,3.2,"44km NNE of Tura, Meghalaya, India",1,3,29365,6,2609
2020-01-26 04:32:50 IST,33,75.9,5,3.5,"90km E of Katra, Jammu and Kashmir, India",1,3,65188,6,9146
2020-01-26 02:37:34 IST,16.8,79.9,10,4.7,"73km ESE of Nalgonda, Telangana, India",4,7,216807,12,817
2020-01-26 02:34:01 IST,32.84,76.42,10,2.6,"69km N of Dharamshala, Himachal Pradesh, India",1,6,117892,13,8265
2020-01-26 01:22:04 IST,27.7,92.7,10,2.8,"82km E of Tawang, Arunachal Pradesh, India",1,6,149988,6,1005
2020-01-26 01:19:35 IST,39.97,77.47,150,4,"403km SE of Bishkek, Kyrgyzstan",3,4,89397,11,2679
2020-01-25 12:42:36 IST,25.7,91,10,2.6,"82km ENE of Tura, Meghalaya, India",1,3,73002,5,1739
2020-01-25 05:26:25 IST,25,93.8,30,2.4,"24km NW of Imphal, Manipur, India",1,7,101363,9,5233
2020-01-25 04:26:05 IST,31.9,94.9,10,5.4,"419km N of Pangin, Arunachal Pradesh, India",3,7,86694,8,5188
2020-01-25 02:12:10 IST,36.2,69.7,130,4.5,"125km SW of Fayzabad, Afghanistan",2,7,25337,8,12404
2020-01-25 01:00:55 IST,36.6,70.9,195,4.8,"63km SSE of Fayzabad, Afghanistan",2,5,49833,14,3424
2020-01-25 00:50:46 IST,22.6,95.4,79,3.8,"95km NW of Burma, Myanmar",2,4,135394,15,1341
2020-01-25 00:08:31 IST,37.5,72.2,180,5,"152km ENE of Fayzabad, Afghanistan",2,4,80965,12,9072
2020-01-24 21:18:21 IST,29.2,86.5,193,4.3,"201km NE of Kathmandu, Nepal",3,7,101285,8,10327
2020-01-24 12:39:14 IST,39.2,71.6,10,5.6,"250km NNE of Fayzabad, Afghanistan",3,5,111746,9,4457
2020-01-24 11:27:22 IST,37.4,72.4,120,3.8,"167km ENE of Fayzabad, Afghanistan",5,4,115652,12,9062
2020-01-23 21:00:04 IST,32.6,99.9,10,3.9,"624km NNE of Changlang, Arunachal Pradesh, India",1,3,157328,7,11652
2020-01-23 20:11:29 IST,36,72.3,306,4.2,"198km SE of Fayzabad, Afghanistan",3,3,45065,13,5245
2020-01-23 19:56:37 IST,33,98.6,36,4.8,"614km NNE of Changlang, Arunachal Pradesh, India",1,3,128512,9,7904
2020-01-23 15:18:03 IST,20.5,93.4,25,4.8,"307km WSW of Burma, Myanmar",0,6,137751,13,2242
2020-01-23 15:12:11 IST,36.3,70.1,145,3.6,"97km SSW of Fayzabad, Afghanistan",2,5,149292,13,403
2020-01-23 11:08:47 IST,27.1,94.1,36,2.8,"40km NNW of Jorhat, Assam, India",3,5,29354,7,14721
2020-01-23 00:53:31 IST,8,94.4,110,4.7,"123km NNE of Campbell Bay, Andaman and Nicobar island, India",1,4,112740,12,4530
2020-01-22 23:19:56 IST,32.8,76.1,5,2.2,"67km NNW of Dharamshala, Himachal Pradesh, India",4,8,185803,9,4219
2020-01-22 21:01:22 IST,32.7,76,5,3,"61km NNW of Dharamshala, Himachal Pradesh, India",1,7,95043,10,14600
2020-01-22 01:57:17 IST,28.2,92,10,3.2,"70km N of Tawang, Arunachal Pradesh, India",0,4,124174,9,10937
2020-01-22 01:50:55 IST,28.5,91.7,10,4,"104km N of Tawang, Arunachal Pradesh, India",2,3,139019,9,8800
2020-01-21 10:38:31 IST,20,72.8,10,2.5,"103km N of Mumbai, Maharashtra, India",0,4,48726,6,10504
2020-01-21 03:14:28 IST,23,94.2,20,3.6,"102km ESE of Champhai, Mizoram, India",4,7,191691,9,10663
2020-01-21 02:21:18 IST,26.2,96.2,160,2.9,"168km E of Mokokchung, Nagaland, India",1,9,124975,11,11461
2020-01-20 13:54:34 IST,36.4,73.9,15,3.8,"265km N of Gulmarg, Jammu and Kashmir, India",2,8,125975,9,1054
2020-01-20 13:03:31 IST,39.3,78.5,88,3.8,"516km SE of Bishkek, Kyrgyzstan",1,3,16898,7,6221
2020-01-20 11:45:22 IST,32.8,73.3,10,3.4,"101km SSE of Islamabad, Pakistan",1,5,139727,8,4462
2020-01-20 05:47:07 IST,32.6,76,5,2.5,"52km NW of Dharamshala, Himachal Pradesh, India",1,6,125320,9,1105
2020-01-20 03:27:12 IST,36.6,70.6,180,4.3,"55km S of Fayzabad, Afghanistan",2,7,181209,9,6218
2020-01-20 01:52:31 IST,27.2,92.3,5,2.3,"59km SE of Tawang, Arunachal Pradesh, India",1,6,84436,7,9261
2020-01-20 01:20:30 IST,34.7,72.8,10,4,"115km NNW of Islamabad, Pakistan",2,5,50617,10,2718
2020-01-19 23:05:02 IST,34,61.2,10,4.6,"510km SSE of Ashgabat, Turkmenistan",3,8,65888,4,4610
2020-01-19 22:37:05 IST,19.8,98.7,10,5.1,"157km SSE of Hkolam ,Myanmar",4,7,74751,10,9605
2020-01-19 21:19:35 IST,39.8,77.4,138,5,"415km SE of Bishkek, Kyrgyzstan",2,4,44057,14,8710
2020-01-19 20:25:33 IST,38.5,77.4,136,4.8,"453km NNE of Kargil, Laddakh, India",2,6,164508,8,13038
2020-01-19 19:53:12 IST,39.29,77.39,105,5,"463km SSE of Bishkek, Kyrgyzstan",3,9,166384,10,11878
2020-01-19 19:22:00 IST,39.5,77.4,140,5.2,"443km SE of Bishkek, Kyrgyzstan",3,6,90210,11,14485
2020-01-19 18:58:02 IST,39.7,76.7,140,6,"395km SSE of Bishkek, Kyrgyzstan",2,5,80362,8,8978
2020-01-19 16:14:14 IST,32.4,76,10,3.3,"36km WNW of Dharamshala, Himachal Pradesh, India",3,4,9225,13,10492
2020-01-18 23:30:16 IST,31.6,93.5,10,4.6,"418km NNW of Basar, Arunachal Pradesh, India",1,3,134798,14,12914
2020-01-18 22:08:12 IST,26.4,66.5,10,4.6,"525km NNW of Dwarka, Gujarat, India",4,0,182672,11,12607
2020-01-18 19:44:17 IST,39.11,71.33,58,3.9,"228km ENE of Dushanbe, Tajikistan",0,6,68140,8,10794
2020-01-18 03:16:05 IST,25.1,95.6,33,3.2,"114km E of Ukhrul, Manipur, India",5,3,94160,13,7528
2020-01-18 00:38:21 IST,36.52,71.06,150,4.7,"78km SE of Fayzabad, Afghanistan",2,4,121714,13,4134
2020-01-17 23:54:02 IST,34.5,71.02,160,4.6,"166km E of Kabul , Afghanistan",1,4,186220,10,13164
2020-01-17 21:35:49 IST,39.69,77.24,10,5.2,"418km SE of Bishkek, Kyrgyzstan",1,8,109988,10,11660
2020-01-17 16:27:28 IST,36.09,85.46,189,4.8,"705km NE of Hanley, Jammu & Kashmir, India",1,3,109771,14,12576
2020-01-17 11:39:44 IST,24.8,94.4,65,3.6,"16km SSW of Ukhrul, Manipur, India",2,4,108965,13,2154
2020-01-17 03:43:35 IST,25.5,95,104,3.2,"71km NE of Shirui, Manipur, India",1,2,28748,7,4756
2020-01-16 22:09:22 IST,28.4,95.3,10,2.7,"28km N of Pangin, Arunachal Pradesh, India",4,5,27660,4,6402
2020-01-15 14:49:25 IST,39.8,73.2,10,4.3,"360km SSW of Bishkek, Kyrgyzstan",3,7,59600,5,12583
2020-01-15 12:02:46 IST,33,76.1,5,3.2,"89km NNW of Dharamshala, Himachal Pradesh, India",0,9,150644,12,13398
2020-01-14 22:35:20 IST,29.6,76.4,10,2.8,"61km SW of kurukshetra, Haryana, India",2,8,83232,6,4309
2020-01-14 06:55:01 IST,23.7,94.1,87,4.3,"83km ENE of Champhai, Mizoram, India",0,10,73519,8,10312
2020-01-13 04:09:40 IST,9.6,84.2,10,4.2,"562km ENE of Colombo, Sri Lanka",0,6,72641,11,1213
2020-01-13 01:52:06 IST,29.4,81.8,16,3.7,"154km E of Pithoragarh, Uttarakhand, India",2,14,93117,12,6173
2020-01-12 20:04:18 IST,29.36,81.71,100,4.6,"146km E of Pithoragarh, Uttarakhand, India",3,3,185105,9,7325
2020-01-12 17:43:56 IST,29.04,81.81,75,3.5,"165km ESE of Pithoragarh, Uttarakhand, India",2,6,92440,15,11496
2020-01-12 11:55:48 IST,32.3,76.2,5,3.4,"14km NW of Dharamshala, Himachal Pradesh, India",2,8,60685,9,13384
2020-01-12 10:54:01 IST,34.8,74.6,10,5.3,"81km NNW of Srinagar, Jammu and Kashmir, India",1,4,101262,9,5092
2020-01-12 07:48:48 IST,27.7,67.4,80,4.7,"580km WNW of Jodhpur, Rajasthan, India",0,6,187754,10,7939
2020-01-11 23:37:47 IST,26.3,90,15,2.7,"89km NNW of Tura, Meghalaya, India",2,8,74858,9,9729
2020-01-11 21:17:57 IST,26.9,92.7,25,2.9,"29km NNW of Tezpur, Assam, India",3,9,40949,12,4963
2020-01-11 13:34:45 IST,32.8,73.5,123,4,"99km SW of Rajouri, Jammu and Kashmir",3,6,74950,7,14783
2020-01-09 05:28:19 IST,36.7,71.6,155,4.3,"103km ESE of Fayzabad, Afghanistan",3,9,106438,10,13142
2020-01-09 01:04:08 IST,38.7,70.5,30,4.1,"149km E of Dushanbe, Tajikistan",3,1,134412,10,4481
2020-01-08 14:59:26 IST,28.6,92,10,3.5,"114km N of Tawang, Arunachal Pradesh, India",0,6,150344,12,7643
2020-01-07 15:38:31 IST,37,71.6,150,4.6,"93km E of Fayzabad, Afghanistan",1,6,47714,11,3501
2020-01-07 11:35:19 IST,2.5,96.5,10,6.1,"577km SSE of Campbell Bay, Andaman and Nicobar island, India",2,7,52457,9,7741
2020-01-07 04:53:55 IST,25,92.3,15,3.8,"64km ESE of Cherrapunjee, Meghalaya, India",1,4,83836,5,10265
2020-01-07 00:01:25 IST,23.9,94.6,34,3.5,"106km SE of Moirang, Manipur, India",4,13,134224,13,1328
2020-01-06 05:18:55 IST,31.2,77.1,10,3.6,"12km NW of Shimla, Himachal Pradesh, India",0,3,36999,7,13058
2020-01-05 23:33:07 IST,36.1,71.2,200,4.7,"125km SSE of Fayzabad, Afghanistan",1,5,69633,8,8926
2020-01-05 16:21:58 IST,24.1,94.2,10,2.9,"61km SE of Moirang, Manipur, India",4,4,70362,7,14844
2020-01-05 12:51:01 IST,35.8,75.2,10,3.3,"162km NNW of Kargil, Laddakh, India",1,4,147087,6,432
2020-01-05 09:59:29 IST,40,72.2,10,4.5,"288km ESE of Tashkent, Uzbekistan",2,8,126413,5,12480
2020-01-05 04:55:37 IST,26.2,89.9,10,3,"82km NNW of Tura, Meghalaya, India",4,3,145185,12,11889
2020-01-04 17:05:44 IST,28.5,92,10,3.9,"103km N of Tawang, Arunachal Pradesh, India",2,2,166933,15,2036
2020-01-04 14:56:17 IST,27.1,92,20,3.2,"54km SSE of Tawang, Arunachal Pradesh, India",3,4,84717,8,5062
2020-01-04 13:54:56 IST,25.27,65.35,10,4.8,"498km NW of Dwarka, Gujarat, India",1,5,40629,7,13277
2020-01-03 10:46:52 IST,32.7,76.5,5,3.4,"56km NNE of Dharamshala, Himachal Pradesh, India",2,5,40951,8,7800
2020-01-02 19:38:50 IST,32.7,76.5,5,3.7,"56km NNE of Dharamshala, Himachal Pradesh, India",1,6,8094,5,6049
2020-01-02 16:49:48 IST,35.7,74.9,10,3.8,"169km NW of Kargil, Laddakh, India",3,7,77061,7,13587
2020-01-02 15:34:19 IST,33.9,66.2,90,4.1,"285km WSW of Kabul , Afghanistan",3,6,80788,4,1445
2020-01-02 09:58:02 IST,34.1,60.3,10,5.2,"464km SSE of Ashgabat, Turkmenistan",1,4,139377,8,7123
2020-01-02 09:02:35 IST,36.4,74.2,90,4.6,"262km N of Gulmarg, Jammu and Kashmir, India",3,10,100845,9,9802
2020-01-02 06:11:45 IST,25.5,93.8,30,2.9,"34km S of Chumukedima, Nagaland, India",3,7,75483,6,9147
2020-01-01 23:09:07 IST,32.8,75.5,10,3.1,"57km ESE of Katra, Jammu and Kashmir, India",3,5,94200,11,4000
2020-01-01 21:22:42 IST,28.7,87.9,10,3.9,"139km NW of Lachung, Sikkim, India",2,2,48051,8,8471
2020-01-01 20:07:44 IST,27.6,92.7,10,3.5,"81km E of Tawang, Arunachal Pradesh, India",0,5,151270,9,10642
2020-01-01 16:15:41 IST,29.8,80.5,10,3.1,"36km NE of Pithoragarh, Uttarakhand, India",4,4,60704,10,8794
2020-01-01 08:10:18 IST,36.1,69.5,40,3.4,"145km SW of Fayzabad, Afghanistan",1,3,43003,8,10282
2019-12-31 19:41:29 IST,38.78,73.48,10,3.8,"317km NE of Fayzabad, Afghanistan",2,2,140894,8,3878
2019-12-31 14:16:28 IST,26.1,93.3,40,2.9,"47km WNW of Dimapur, Nagaland, India",2,2,128708,7,12501
2019-12-31 06:33:15 IST,39.11,73.24,350,4.5,"324km NE of Fayzabad, Afghanistan",1,6,13815,12,6772
2019-12-31 06:22:55 IST,35.5,74.8,94,4.5,"157km N of Srinagar, Jammu and Kashmir, India",2,12,142750,15,14808
2019-12-31 00:50:19 IST,35.5,74.7,10,4.2,"157km N of Srinagar, Jammu and Kashmir, India",6,7,62920,10,398
2019-12-30 23:55:33 IST,35.5,74.8,10,4,"157km N of Srinagar, Jammu and Kashmir, India",0,1,81294,6,5735
2019-12-30 23:20:02 IST,35.5,74.8,63,5.4,"157km N of Srinagar, Jammu and Kashmir, India",4,8,109351,10,2748
2019-12-30 23:09:15 IST,35.5,75,10,3.6,"147km NW of Kargil, Laddakh, India",2,4,129331,10,8356
2019-12-30 22:58:33 IST,35.5,75.1,36,4.6,"141km NW of Kargil, Laddakh, India",1,3,122273,15,3685
2019-12-30 22:48:57 IST,35.5,74.9,10,5.5,"154km NW of Kargil, Laddakh, India",2,10,97509,6,11075
2019-12-30 22:42:35 IST,35.5,74.7,10,4.7,"157km N of Srinagar, Jammu and Kashmir, India",4,2,78767,14,13233
2019-12-30 22:29:05 IST,6.8,94.6,103,5,"80km ESE of Campbell Bay, Andaman and Nicobar island, India",1,7,120611,10,3202
2019-12-30 06:22:34 IST,35.7,77.3,10,4.6,"165km N of Alchi(Leh),Jammu & Kashmir,India",2,3,94080,12,2452
2019-12-30 02:48:14 IST,26.6,95,22,3.1,"57km ENE of Mokokchung, Nagaland, India",2,5,190267,14,13136
2019-12-28 14:30:41 IST,26.7,93.8,23,3.5,"40km W of Jorhat, Assam, India",5,5,129320,10,5451
2019-12-28 14:19:05 IST,0.9,92.9,10,4.8,"688km S of Campbell Bay, Andaman and Nicobar island, India",1,9,53829,8,6547
2019-12-27 09:23:48 IST,19,87.4,10,4,"187km ESE of Puri, Odisha, India",0,2,76120,14,3353
2019-12-27 05:24:31 IST,39.5,71,220,4.4,"217km ENE of Dushanbe, Tajikistan",2,7,102409,7,6408
2019-12-26 23:17:07 IST,39.7,95.7,10,4.5,"1277km SW of Ulaanbaatar, Mongolia",1,5,164971,12,3507
2019-12-25 12:34:13 IST,23.1,96,10,3.8,"132km N of Burma, Myanmar",0,6,170555,11,10005
2019-12-25 09:14:09 IST,25.5,91.3,10,3.5,"50km WNW of Cherrapunjee, Meghalaya, India",1,4,80193,8,7508
2019-12-24 20:07:02 IST,26.6,88.8,32,3.2,"42km ESE of Siliguri, West Bengal, India",1,5,53318,6,11831
2019-12-24 19:25:24 IST,36.7,71.3,220,4.2,"80km ESE of Fayzabad, Afghanistan",2,6,46925,14,4725
2019-12-24 11:22:56 IST,7,92.4,10,5,"166km W of Campbell Bay, Andaman and Nicobar island, India",2,10,112621,10,7608
2019-12-23 21:33:04 IST,20,72.7,10,2.3,"104km N of Mumbai, Maharashtra, India",2,7,215189,8,3929
2019-12-22 20:28:26 IST,35.8,69,187,4.6,"139km N of Kabul , Afghanistan",0,2,126954,6,14020
2019-12-22 13:01:33 IST,24.9,94.2,36,3.3,"28km ENE of Imphal, Manipur, India",3,7,20304,9,7852
2019-12-22 09:39:09 IST,32.9,76,5,2.8,"81km NNW of Dharamshala, Himachal Pradesh, India",1,5,63699,5,2643
2019-12-22 00:40:08 IST,24.1,93.7,66,3.1,"44km S of Moirang, Manipur, India",1,9,68804,9,4127
2019-12-21 21:10:00 IST,33.2,69.6,10,4.6,"155km SSE of Kabul , Afghanistan",3,4,58899,11,1289
2019-12-21 00:12:47 IST,36.3,71.2,91,4.5,"106km SE of Fayzabad, Afghanistan",1,7,80605,8,465
2019-12-20 17:09:51 IST,36.5,70.5,190,6.3,"66km S of Fayzabad, Afghanistan",0,3,118469,11,7912
2019-12-20 10:11:10 IST,36.5,68.5,10,4.5,"194km WSW of Fayzabad, Afghanistan",1,7,134099,13,5089
2019-12-20 06:05:21 IST,28.1,87.9,108,4.7,"86km NNW of Yuksom, Sikkim, India",2,6,154588,7,14458
2019-12-20 03:46:26 IST,34.7,79.7,67,4.6,"204km ENE of Leh, Laddakh, India",2,3,126210,12,2611
2019-12-19 20:50:01 IST,36.8,74.6,169,4.6,"285km NNW of Kargil, Laddakh, India",1,5,2292,11,11918
2019-12-19 17:38:06 IST,31.8,86.8,471,4.6,"475km NNE of Kathmandu, Nepal",1,4,47134,14,4773
2019-12-19 15:06:35 IST,36.6,70.5,290,4.5,"55km S of Fayzabad, Afghanistan",4,7,92095,6,3391
2019-12-19 14:10:42 IST,37.7,71.8,280,4.2,"129km ENE of Fayzabad, Afghanistan",3,6,107363,12,14546
2019-12-19 04:17:02 IST,26.92,92.56,82,2.7,"37km NW of Tezpur, Assam, India",0,3,143070,15,12048
2019-12-18 19:39:17 IST,33.4,71.6,76,4.7,"137km WSW of Islamabad, Pakistan",1,3,102159,11,9477
2019-12-18 08:10:11 IST,37.7,75.8,158,4.7,"351km N of Kargil, Laddakh, India",3,2,102535,7,10471
2019-12-18 08:03:06 IST,37.6,75.5,100,4.2,"343km N of Kargil, Laddakh, India",3,6,111889,15,14871
2019-12-17 14:23:49 IST,35.6,70.5,10,4.4,"165km NE of Kabul , Afghanistan",1,5,87248,6,8918
2019-12-17 10:51:08 IST,32.3,76.3,10,3,"9km NNW of Dharamshala, Himachal Pradesh, India",2,6,104344,5,1573
2019-12-16 22:21:14 IST,25,95.2,60,3.8,"73km E of Ukhrul, Manipur, India",3,5,156291,8,1019
2019-12-16 09:21:23 IST,36.5,70.7,37,3.9,"68km SSE of Fayzabad, Afghanistan",1,6,95804,11,10015
2019-12-16 08:40:31 IST,24.1,93.8,10,3.5,"44km S of Moirang, Manipur, India",0,3,98489,12,9881
2019-12-16 04:29:45 IST,33.4,71.7,200,4.2,"128km WSW of Islamabad, Pakistan",2,5,98320,1,11235
2019-12-16 03:50:37 IST,26.9,85.9,96,4,"100km NNE of Muzaffarpur, Bihar, India",3,8,164888,8,1676
2019-12-15 09:23:37 IST,25.2,94.8,94,3.9,"39km ENE of Shirui, Manipur, India",2,6,44597,8,14176
2019-12-15 07:57:28 IST,37.6,72.6,150,4.1,"189km ENE of Fayzabad, Afghanistan",3,4,188792,12,8289
2019-12-15 04:23:46 IST,34.6,75.1,72,3.3,"63km NNE of Srinagar, Jammu and Kashmir, India",0,4,41180,10,9760
2019-12-14 05:22:40 IST,20,72.8,10,3.9,"103km N of Mumbai, Maharashtra, India",2,2,67288,8,571
2019-12-14 00:22:06 IST,23,94.3,50,3.3,"111km ESE of Champhai, Mizoram, India",4,6,137236,15,14416
2019-12-13 21:55:07 IST,20,72.7,10,3.4,"104km N of Mumbai, Maharashtra, India",4,10,151515,11,8460
2019-12-13 16:56:48 IST,30.5,79.6,14,4.4,"7km SSE of Joshimath, Uttarakhand , India",2,5,29825,7,8472
2019-12-13 15:56:00 IST,20,72.9,4,3.2,"93km W of Nashik, Maharashtra, India",2,3,45364,15,14156
2019-12-12 18:56:35 IST,27.77,85.52,143,4.6,"20km ENE of Kathmandu, Nepal",1,7,113892,11,13943
2019-12-12 00:47:04 IST,36.8,78.8,30,4.4,"314km NNE of Leh, Laddakh, India",1,6,217220,5,3343
2019-12-11 06:43:59 IST,39.88,77.94,10,4.6,"435km SE of Bishkek, Kyrgyzstan",0,5,162313,9,13969
2019-12-11 03:32:56 IST,36.55,71.32,206,4.2,"91km SE of Fayzabad, Afghanistan",2,6,87595,7,11062
2019-12-11 01:49:59 IST,33.5,74,42,3.3,"32km WNW of Rajouri, Jammu and Kashmir",0,1,-20956,6,332
2019-12-10 22:21:09 IST,36.36,71.54,237,4.4,"120km SE of Fayzabad, Afghanistan",1,5,104082,12,3635
2019-12-10 15:25:47 IST,37,72.3,22,4.3,"155km E of Fayzabad, Afghanistan",3,4,118114,9,6224
2019-12-10 12:20:18 IST,36.1,69,10,4.1,"172km N of Kabul , Afghanistan",0,9,80865,13,8763
2019-12-10 09:21:49 IST,12.6,94.9,10,4.1,"220km ESE of Diglipur, Andaman and Nicobar island, India",2,9,57463,6,10534
2019-12-10 03:18:33 IST,28.3,87.5,101,3.9,"125km NW of Yuksom, Sikkim, India",1,6,107958,10,3192
2019-12-10 00:37:13 IST,36.1,70.7,63,4.3,"112km S of Fayzabad, Afghanistan",2,9,52886,16,12558
2019-12-09 22:27:20 IST,32,75.6,11,2.6,"72km WSW of Dharamshala, Himachal Pradesh, India",0,7,193622,12,12693
2019-12-08 19:01:31 IST,36.2,77.7,167,4.4,"225km N of Alchi(Leh),Jammu & Kashmir,India",2,2,175837,12,9543
2019-12-08 04:34:55 IST,36.4,71.2,170,4.1,"97km SE of Fayzabad, Afghanistan",1,3,132895,14,13820
2019-12-08 04:26:42 IST,30.5,79.3,5,3.2,"25km WSW of Joshimath, Uttarakhand , India",3,4,104485,10,12204
2019-12-07 21:02:18 IST,26.94,67.34,10,4.7,"547km NNW of Dwarka, Gujarat, India",3,5,66991,8,3363
2019-12-06 23:08:56 IST,28.6,76.7,10,2,"4km E of Jhajjar, Haryana",2,8,98960,10,11990
2019-12-06 21:24:58 IST,35,77.6,10,2.6,"94km N of Leh, Laddakh, India",2,4,181964,9,14300
2019-12-06 15:14:56 IST,36.5,71.3,184,4.5,"94km SE of Fayzabad, Afghanistan",2,4,143432,9,2107
2019-12-06 03:47:52 IST,29.91,80.46,10,2.7,"43km NNE of Pithoragarh, Uttarakhand, India",0,4,110184,7,14681
2019-12-05 19:49:31 IST,25.7,95.1,75,3.8,"90km SE of Mokokchung, Nagaland, India",2,3,146198,4,423
2019-12-05 17:48:02 IST,35.9,68.4,36,4.6,"166km NNW of Kabul , Afghanistan",2,2,127280,10,7856
2019-12-05 10:28:56 IST,38.9,71.1,33,4.4,"204km ENE of Dushanbe, Tajikistan",1,5,119813,16,11619
2019-12-05 03:52:10 IST,23.5,94.1,10,3.1,"78km E of Champhai, Mizoram, India",3,9,149028,13,11867
2019-12-05 03:47:44 IST,37.2,72.1,235,3.4,"137km E of Fayzabad, Afghanistan",1,6,125851,14,11033
2019-12-04 20:12:18 IST,37.3,71.8,192,4.6,"112km ENE of Fayzabad, Afghanistan",1,3,142927,6,7963
2019-12-04 14:16:14 IST,36.4,70.8,115,5.1,"81km SSE of Fayzabad, Afghanistan",2,4,108069,10,9781
2019-12-04 10:13:58 IST,0.8,98.3,35,5,"457km SW of Kuala Lumpur, Malaysia",1,3,87293,8,10513
2019-12-04 10:00:48 IST,36.4,70.9,280,4.5,"83km SSE of Fayzabad, Afghanistan",1,4,72591,13,7443
2019-12-03 19:38:54 IST,32.7,76.2,5,3.2,"54km NNW of Dharamshala, Himachal Pradesh, India",0,3,66634,11,8955
2019-12-03 11:36:05 IST,36.9,67.1,37,4.7,"236km SW of Dushanbe, Tajikistan",3,5,19741,9,12703
2019-12-03 07:50:37 IST,24.9,92.4,10,2.6,"63km NNE of Dharmanagar, Tripura, India",2,6,54403,6,4727
2019-12-02 23:23:29 IST,8.4,94.6,176,4.8,"172km NNE of Campbell Bay, Andaman and Nicobar island, India",2,8,52957,9,7871
2019-12-02 20:04:40 IST,37,70.7,250,4.1,"17km SE of Fayzabad, Afghanistan",4,2,74632,6,176
2019-12-02 06:42:44 IST,23.1,93.7,12,4.5,"54km SE of Champhai, Mizoram, India",1,6,178112,10,10327
2019-12-02 02:52:10 IST,24.6,94.2,57,2.9,"35km SE of Imphal, Manipur, India",3,4,92121,13,2971
2019-11-30 20:59:24 IST,36.7,71.4,250,4.4,"87km ESE of Fayzabad, Afghanistan",2,5,112088,10,7240
2019-11-30 11:44:03 IST,36.7,73.8,58,4,"292km E of Fayzabad, Afghanistan",2,5,113665,9,3192
2019-11-29 23:20:17 IST,13.7,93.2,10,4.6,"53km NNE of Diglipur, Andaman and Nicobar island, India",1,7,179379,10,401
2019-11-29 07:51:39 IST,25.5,67.8,120,4.5,"381km NNW of Dwarka, Gujarat, India",3,7,71220,13,7274
2019-11-28 22:43:55 IST,28.4,76.7,12,2.1,"23km SSE of Jhajjar, Haryana",1,6,88873,5,6401
2019-11-28 22:34:26 IST,36,77.8,140,4.4,"206km NNE of Alchi(Leh),Jammu & Kashmir,India",2,5,94690,9,6405
2019-11-28 21:35:04 IST,24,94,128,3.5,"59km SSE of Moirang, Manipur, India",1,2,156826,6,3171
2019-11-28 20:09:15 IST,23.2,95.9,10,5.5,"143km N of Burma, Myanmar",3,0,167205,8,14210
2019-11-28 14:50:09 IST,37.5,71.8,72,4.1,"119km ENE of Fayzabad, Afghanistan",3,4,123729,14,102
2019-11-28 07:10:09 IST,30.3,84.4,10,4.6,"301km NNW of Kathmandu, Nepal",1,4,161645,6,13378
2019-11-27 21:53:34 IST,27.7,85.8,122,4.5,"46km E of Kathmandu, Nepal",2,2,108883,4,11066
2019-11-27 15:37:17 IST,14.5,92.8,10,4.4,"138km N of Diglipur, Andaman and Nicobar island, India",0,5,91369,8,2622
2019-11-27 05:48:29 IST,28.1,87.8,20,4.4,"91km NNW of Yuksom, Sikkim, India",2,8,158936,10,7109
2019-11-26 20:14:56 IST,36.1,70.9,109,4.4,"115km SSE of Fayzabad, Afghanistan",2,5,124380,12,14833
2019-11-26 16:35:52 IST,19.1,94.9,10,5.5,"279km SW of Ywangan, Myanmar",0,7,63223,14,9673
2019-11-26 15:06:06 IST,19,94.9,10,4.6,"274km NNW of Rangoon, Myanmar",3,7,149871,10,1954
2019-11-26 09:23:45 IST,24.1,94.3,10,4.2,"69km SE of Moirang, Manipur, India",4,6,89575,9,6891
2019-11-26 02:57:09 IST,34.5,73.2,10,4.1,"91km N of Islamabad, Pakistan",0,6,83458,10,7049
2019-11-26 01:08:51 IST,24.5,92.4,10,3.2,"28km ENE of Dharmanagar, Tripura, India",3,5,144650,11,12043
2019-11-25 22:23:20 IST,28.3,94.5,10,3.1,"40km NNW of Basar, Arunachal Pradesh, India",1,5,95558,13,13746
2019-11-25 02:38:54 IST,36.6,71,99,4.8,"68km SE of Fayzabad, Afghanistan",2,4,119447,5,1279
2019-11-24 20:47:20 IST,25.7,93.3,5,3.8,"46km WSW of Chumukedima, Nagaland, India",3,10,133096,12,4744
2019-11-24 19:48:41 IST,2,92.9,10,5.1,"567km S of Campbell Bay, Andaman and Nicobar island, India",2,2,60852,13,4511
2019-11-24 16:27:34 IST,37.3,72.7,456,4.2,"191km E of Fayzabad, Afghanistan",0,8,119242,11,14940
2019-11-24 13:20:12 IST,30.4,79.3,10,3.4,"30km SW of Joshimath, Uttarakhand , India",0,2,167473,11,8410
2019-11-24 07:40:25 IST,37,72,10,4.9,"129km E of Fayzabad, Afghanistan",1,4,52176,9,13203
2019-11-23 20:40:49 IST,19.9,72.8,10,3.3,"92km N of Mumbai, Maharashtra, India",4,7,122495,8,6419
2019-11-23 03:57:19 IST,32.9,91.9,10,4.2,"591km N of Tawang, Arunachal Pradesh, India",1,3,58526,11,10854
2019-11-22 23:10:22 IST,25.4,94.5,20,3,"31km NNE of Shirui, Manipur, India",0,6,151069,10,4334
2019-11-22 23:08:28 IST,16.9,95.2,10,4.2,"103km W of Yangon, Myanmar",2,10,150595,15,13681
2019-11-22 14:00:39 IST,25,94,25,3.7,"21km NNE of Imphal, Manipur, India",0,5,82283,10,6854
2019-11-22 01:56:16 IST,36.3,71.8,235,4.4,"142km SE of Fayzabad, Afghanistan",3,4,210481,10,12065
2019-11-21 19:41:08 IST,26,91.2,17,4.3,"55km WSW of Guwahati, Assam, India",3,4,155331,9,3874
2019-11-21 07:20:28 IST,20,72.8,10,3.5,"103km N of Mumbai, Maharashtra, India",2,7,135346,7,10419
2019-11-21 07:16:04 IST,37.5,72.3,135,4.9,"161km ENE of Fayzabad, Afghanistan",4,4,132530,5,6107
2019-11-21 05:44:58 IST,37.3,71.7,10,4,"104km ENE of Fayzabad, Afghanistan",0,1,149196,5,520
2019-11-20 22:57:00 IST,38.1,74,185,4,"323km ENE of Fayzabad, Afghanistan",4,4,50217,8,6224
2019-11-20 11:43:41 IST,35.3,73.2,10,4,"176km NW of Gulmarg, Jammu and Kashmir, India",1,2,109730,3,8272
2019-11-20 03:14:33 IST,24.4,94.1,45,3.1,"34km ESE of Moirang, Manipur, India",2,12,119159,9,2318
2019-11-20 01:35:45 IST,19.9,72.9,10,4,"91km N of Mumbai, Maharashtra, India",1,4,79993,8,2799
2019-11-19 22:19:49 IST,26.4,92.7,30,3.8,"29km SSW of Tezpur, Assam, India",1,7,123239,9,6999
2019-11-19 19:00:56 IST,29.4,81.2,33,5,"97km E of Pithoragarh, Uttarakhand, India",4,8,161584,8,5173
2019-11-19 11:00:46 IST,20,72.8,5,2.9,"103km N of Mumbai, Maharashtra, India",0,6,78911,10,6639
2019-11-18 19:01:06 IST,23.6,70.3,10,4,"153km NNW of Rajkot, Gujarat, India",0,8,97278,6,6939
2019-11-18 18:33:42 IST,26.7,92.7,48,2.8,"10km WNW of Tezpur, Assam, India",3,4,58970,13,2144
2019-11-18 04:35:57 IST,11.4,92.9,10,4.8,"31km SE of Portblair, Andaman and Nicobar island, India",1,1,10650,10,2758
2019-11-18 04:17:22 IST,26.7,94.1,10,2.2,"11km WSW of Jorhat, Assam, India",2,3,138946,12,12730
2019-11-17 19:47:00 IST,38.2,69,10,4.1,"44km SSE of Dushanbe, Tajikistan",1,4,98713,11,2482
2019-11-17 12:17:08 IST,7,94.5,10,4.6,"65km E of Campbell Bay, Andaman and Nicobar island, India",2,4,102378,8,10005
2019-11-17 09:34:56 IST,29,76.9,6,2.7,"30km ENE of Rohtak, Haryana, India",3,5,50661,15,6306
2019-11-17 06:58:56 IST,7.2,94.4,10,5.1,"58km ENE of Campbell Bay, Andaman and Nicobar island, India",3,6,90724,6,14525
2019-11-16 11:52:49 IST,38,68.8,10,5.1,"62km S of Dushanbe, Tajikistan",1,7,154829,9,1038
2019-11-16 04:14:59 IST,24.9,94.2,38,3.3,"28km ENE of Imphal, Manipur, India",1,7,100041,8,12464
2019-11-16 04:09:59 IST,31,69.9,24,3.4,"400km S of Kabul , Afghanistan",1,2,101459,15,7397
2019-11-15 07:28:25 IST,26.5,92.7,25,3.8,"19km SSW of Tezpur, Assam, India",2,6,110376,9,130
2019-11-15 04:12:57 IST,37.2,74.3,25,4.5,"332km E of Fayzabad, Afghanistan",2,6,38180,12,3991
2019-11-15 03:46:06 IST,36.6,71.1,237,4.2,"74km SE of Fayzabad, Afghanistan",4,4,131246,13,6145
2019-11-15 00:57:43 IST,27.2,95.3,10,2.6,"48km SE of Dibrugarh, Assam, India",4,6,37240,14,4747
2019-11-15 00:41:37 IST,27.1,91.4,21,2.7,"71km SW of Tawang, Arunachal Pradesh, India",4,8,53019,7,5468
2019-11-15 00:00:18 IST,7.2,94.9,123,5,"111km ENE of Campbell Bay, Andaman and Nicobar island, India",2,6,47539,10,13754
2019-11-14 23:19:39 IST,26,91.9,10,2.4,"15km NNE of Nongpoh, Meghalaya, India",2,2,91238,15,5445
2019-11-14 14:53:32 IST,36.3,71.6,80,5.1,"129km SE of Fayzabad, Afghanistan",0,3,82377,12,6311
2019-11-13 18:40:54 IST,26.2,93.4,48,4.6,"45km NW of Dimapur, Nagaland, India",2,9,99938,14,11428
2019-11-13 10:59:01 IST,36.5,70.9,226,4.1,"73km SSE of Fayzabad, Afghanistan",1,6,54737,6,11917
2019-11-13 01:51:32 IST,32.6,75.8,10,2.4,"64km NW of Dharamshala, Himachal Pradesh, India",2,8,150274,13,1307
2019-11-13 01:07:17 IST,25.8,90.2,20,3.2,"31km N of Tura, Meghalaya, India",2,3,141701,12,10575
2019-11-13 00:51:54 IST,32.6,75.9,10,2.3,"58km NW of Dharamshala, Himachal Pradesh, India",1,5,91309,9,7264
2019-11-12 17:12:11 IST,0.97,97.5,35,4.9,"524km WSW of Kuala Lumpur, Malaysia",5,9,76081,11,2051
2019-11-12 07:30:27 IST,29.9,80.2,10,4.5,"35km N of Pithoragarh, Uttarakhand, India",1,5,71032,7,4007
2019-11-10 13:54:07 IST,38.5,75.8,33,3.8,"439km N of Kargil, Laddakh, India",3,2,84492,7,723
2019-11-10 02:54:39 IST,32.9,73.5,10,3.8,"92km SW of Rajouri, Jammu and Kashmir",2,7,29987,9,5435
2019-11-10 02:15:17 IST,36.6,71.2,10,4.3,"80km SE of Fayzabad, Afghanistan",3,2,52019,6,3868
2019-11-09 13:07:38 IST,24.9,92.7,20,3.3,"80km NE of Dharmanagar, Tripura, India",4,2,143006,12,5762
2019-11-09 12:46:54 IST,26.4,95.5,33,3.5,"98km E of Mokokchung, Nagaland, India",1,6,115090,10,8726
2019-11-07 06:42:53 IST,37.7,72.3,35,3.9,"168km ENE of Fayzabad, Afghanistan",0,5,181713,16,10998
2019-11-07 02:26:57 IST,28.1,95.5,15,3.1,"22km E of Pangin, Arunachal Pradesh, India",4,7,85040,9,9100
2019-11-06 19:12:31 IST,28.8,77.4,7,2.7,"28km NE of New Delhi, India",3,6,81924,10,10191
2019-11-06 18:52:58 IST,36.2,66.7,40,4.7,"291km NW of Kabul , Afghanistan",1,5,79605,8,12991
2019-11-06 02:22:22 IST,36.5,70.1,200,5.1,"77km SSW of Fayzabad, Afghanistan",2,7,84041,7,13113
2019-11-05 15:49:35 IST,24.3,93.5,13,3.4,"35km SW of Moirang, Manipur, India",4,5,67002,9,12917
2019-11-05 15:20:41 IST,35.8,76.9,10,3.9,"155km NNE of Kargil, Laddakh, India",3,5,113549,14,2339
2019-11-03 18:11:01 IST,36.5,70.9,165,4.5,"73km SSE of Fayzabad, Afghanistan",1,9,101455,3,3803
2019-11-03 04:39:43 IST,20,73,10,2.9,"82km W of Nashik, Maharashtra, India",0,7,74504,8,7559
2019-11-03 02:00:01 IST,26.4,93.3,24,3.2,"57km ESE of Tezpur, Assam, India",4,3,162557,13,5413
2019-11-02 05:43:37 IST,36.5,70.4,195,4,"68km S of Fayzabad, Afghanistan",1,7,194829,11,2018
2019-11-01 03:36:03 IST,28.4,83.3,116,4.2,"209km NNE of Ayodhya, Uttar Pradesh, India",1,6,158328,17,4351
2019-10-31 18:14:13 IST,35.9,69.5,100,4.4,"151km N of Kabul , Afghanistan",3,7,127906,6,14632
2019-10-31 12:44:58 IST,31.5,77,10,3.4,"12km SE of Mandi, Himachal Pradesh, India",3,3,138088,11,5236
2019-10-31 06:23:02 IST,27.6,90.4,10,3.3,"76km E of Thimphu, Bhutan",2,4,192820,15,6312
2019-10-31 05:01:19 IST,36.4,70.4,33,3.6,"79km S of Fayzabad, Afghanistan",0,7,138015,12,145
2019-10-31 03:41:43 IST,37.1,71.5,33,3.7,"84km E of Fayzabad, Afghanistan",3,8,70740,10,10805
2019-10-31 03:02:19 IST,24.2,90,39,3.8,"60km NW of Dhaka, Bangladesh",1,5,119613,12,6232
2019-10-30 17:56:24 IST,37,72.2,10,4.5,"146km E of Fayzabad, Afghanistan",1,5,131312,13,1591
2019-10-30 16:34:38 IST,36.8,75.5,17,4.6,"256km NNW of Kargil, Laddakh, India",2,5,50264,10,14529
2019-10-30 03:17:17 IST,20.3,71.9,20,3.5,"136km SW of Surat, Gujarat, India",1,4,85753,11,11672
2019-10-29 11:31:47 IST,32.7,76.4,5,3.4,"54km N of Dharamshala, Himachal Pradesh, India",1,5,155019,11,10905
2019-10-29 08:33:47 IST,28.5,88.7,16,3.8,"90km N of Lachung, Sikkim, India",2,5,8825,11,14370
2019-10-29 03:09:23 IST,9.3,83.8,10,4.4,"507km ENE of Colombo, Sri Lanka",1,3,37478,14,6141
2019-10-28 19:12:47 IST,29.6,82,10,3.9,"172km E of Pithoragarh, Uttarakhand, India",3,3,91179,8,10792
2019-10-28 08:37:09 IST,28.9,76.8,7,3.2,"18km E of Rohtak, Haryana, India",1,3,117683,12,3132
2019-10-28 01:20:55 IST,27.3,91.5,4,2.6,"48km SW of Tawang, Arunachal Pradesh, India",1,3,32118,8,10471
2019-10-27 17:33:23 IST,37.1,72,125,4.7,"128km E of Fayzabad, Afghanistan",4,6,93660,7,260
2019-10-27 11:26:23 IST,36.6,71,232,4.3,"68km SE of Fayzabad, Afghanistan",1,6,157688,11,1938
2019-10-27 06:14:12 IST,36.4,70.9,270,4.2,"83km SSE of Fayzabad, Afghanistan",3,6,103432,9,6407
2019-10-26 22:34:03 IST,36.5,71.2,212,4.4,"88km SE of Fayzabad, Afghanistan",1,5,146954,12,230
2019-10-26 16:24:14 IST,30.4,87.6,200,4.4,"321km NNW of Lachung, Sikkim, India",0,3,70394,8,6956
2019-10-26 12:36:46 IST,33.1,73.3,38,3.1,"69km SSE of Islamabad, Pakistan",3,6,59504,12,7865
2019-10-26 09:53:54 IST,36.4,72.8,92,4.1,"215km ESE of Fayzabad, Afghanistan",1,6,142443,14,9343
2019-10-26 08:48:17 IST,20,72.9,5,2.7,"93km W of Nashik, Maharashtra, India",0,5,118463,11,1550
2019-10-26 04:05:39 IST,20,72.8,10,3.7,"103km N of Mumbai, Maharashtra, India",3,4,40720,9,2756
2019-10-25 13:18:07 IST,36.3,70.3,265,4,"91km SSW of Fayzabad, Afghanistan",1,5,59957,12,9218
2019-10-25 07:26:37 IST,36.5,71.2,250,4.5,"88km SE of Fayzabad, Afghanistan",1,6,178229,5,9889
2019-10-23 21:57:57 IST,19.9,72.8,10,2.9,"92km N of Mumbai, Maharashtra, India",4,4,53772,10,437
2019-10-23 14:05:10 IST,37.7,72.3,230,4,"168km ENE of Fayzabad, Afghanistan",2,4,146716,12,8128
2019-10-23 00:45:19 IST,32,77,14,2.2,"11km WNW of Kullu, Himachal Pradesh, India",3,4,76090,5,11785
2019-10-22 18:49:25 IST,36.1,78.1,30,4,"221km NNE of Leh, Laddakh, India",2,6,99841,6,1083
2019-10-22 07:00:42 IST,19.2,95.7,10,4.7,"231km SSW of Ywangan, Myanmar",1,4,114729,12,6226
2019-10-22 06:36:10 IST,7.9,94.4,180,4.3,"113km NNE of Campbell Bay, Andaman and Nicobar island, India",0,3,-5049,17,4931
2019-10-21 00:54:30 IST,27.82,87.98,10,4.1,"55km NNW of Yuksom, Sikkim, India",2,4,26864,9,13709
2019-10-20 22:01:27 IST,23.5,94.5,142.6,3.1,"119km E of Champhai, Mizoram, India",0,6,104316,14,2827
2019-10-19 08:25:07 IST,26.7,95.1,12,3.7,"71km NE of Mokokchung, Nagaland, India",3,4,63784,7,4809
2019-10-19 06:36:18 IST,28.6,76.5,5,3.3,"15km W of Jhajjar, Haryana",1,3,149829,12,13481
2019-10-18 22:18:00 IST,23.2,94.3,150,4.2,"103km ESE of Champhai, Mizoram, India",0,6,19693,9,4993
2019-10-18 16:02:58 IST,33.1,74,10,4,"42km SW of Rajouri, Jammu and Kashmir",1,6,128262,6,7993
2019-10-17 21:16:59 IST,31.1,78.7,10,3,"48km NNE of Uttarkashi, Uttarakhand, India",1,3,31188,9,543
2019-10-17 08:35:18 IST,35.2,77.8,10,3.9,"118km N of Leh, Laddakh, India",4,3,82394,7,14774
2019-10-15 01:56:41 IST,27.4,92.4,10,3.1,"55km ESE of Tawang, Arunachal Pradesh, India",3,2,46781,8,12382
2019-10-14 22:23:04 IST,31.2,77.8,5,3,"60km E of Shimla, Himachal Pradesh, India",3,3,195121,7,9534
2019-10-14 13:17:54 IST,36.4,70.7,239,4,"79km S of Fayzabad, Afghanistan",1,5,33025,10,958
2019-10-13 23:11:29 IST,32.9,73.4,10,3.8,"93km SSE of Islamabad, Pakistan",2,7,93897,11,1169
2019-10-13 10:36:34 IST,28,73.4,10,4.5,"9km ESE of Bikaner, Rajasthan, India",3,3,13658,11,8197
2019-10-13 06:32:35 IST,37.3,72,210,4,"130km E of Fayzabad, Afghanistan",3,3,179978,12,4311
2019-10-12 20:52:24 IST,33.1,74.5,6.8,3.4,"34km SSE of Rajouri, Jammu and Kashmir",4,6,120064,9,9360
2019-10-12 07:53:45 IST,22.7,94.5,136,3.3,"146km SE of Champhai, Mizoram, India",0,7,106848,11,8992
2019-10-11 23:44:59 IST,32.5,73.1,33,4.2,"131km S of Islamabad, Pakistan",0,3,173715,16,12587
2019-10-11 04:08:54 IST,37.5,72.8,35,3.9,"203km ENE of Fayzabad, Afghanistan",3,6,107371,7,4256
2019-10-11 01:04:56 IST,33.1,76.1,5,2.6,"100km NNW of Dharamshala, Himachal Pradesh, India",2,8,110978,11,8689
2019-10-08 13:14:37 IST,34.4,72.6,10,4,"89km NNW of Islamabad, Pakistan",1,3,106586,11,11671
2019-10-07 18:05:47 IST,27.5,91.5,10,4.3,"38km WSW of Tawang, Arunachal Pradesh, India",1,3,128181,5,7387
2019-10-07 05:52:19 IST,38.1,74.3,35,3.4,"348km ENE of Fayzabad, Afghanistan",1,5,75377,3,12468
2019-10-07 04:35:12 IST,37.9,72.8,35,3.9,"217km ENE of Fayzabad, Afghanistan",3,5,89285,13,2012
2019-10-06 05:25:56 IST,33,73.6,35,3.5,"78km WSW of Rajouri, Jammu and Kashmir",1,7,140516,11,11021
2019-10-06 01:06:56 IST,32.6,76.5,11,2.3,"45km NNE of Dharamshala, Himachal Pradesh, India",0,9,113868,13,14147
2019-10-04 15:22:17 IST,32.6,76.9,8.4,2.4,"48km NW of Manali, Himachal Pradesh, India",1,4,94287,7,5011
2019-10-04 03:32:49 IST,36.6,71,35,4.7,"68km SE of Fayzabad, Afghanistan",5,6,29973,6,5526
2019-10-04 01:06:21 IST,36.5,76.6,40,3.3,"220km N of Kargil, Laddakh, India",1,6,174902,13,1299
2019-10-04 00:19:36 IST,37.2,69.9,37,4,"58km W of Fayzabad, Afghanistan",0,5,66927,9,9640
2019-10-03 11:54:42 IST,24.9,94,40,4.8,"11km NE of Imphal, Manipur, India",3,6,149361,6,8309
2019-10-03 03:28:49 IST,25.2,94.3,29,2.8,"14km WNW of Shirui, Manipur, India",2,10,108787,10,653
2019-10-02 08:53:53 IST,37.7,72.5,200,4.3,"184km ENE of Fayzabad, Afghanistan",1,4,35327,5,11295
2019-10-01 18:52:38 IST,30.4,79.3,10,3.3,"30km SW of Joshimath, Uttarakhand , India",1,3,162613,16,12447
2019-09-29 15:16:59 IST,26.5,92.4,21,3.3,"42km WSW of Tezpur, Assam, India",4,8,112727,10,13611
2019-09-29 14:32:15 IST,11.3,91.5,10,4.8,"138km WSW of Portblair, Andaman and Nicobar island, India",1,6,166767,6,8208
2019-09-28 10:28:27 IST,29.9,81.5,10,4.1,"128km ENE of Pithoragarh, Uttarakhand, India",2,7,90879,7,6816
2019-09-27 00:45:35 IST,11,91.7,10,4.8,"131km WSW of Portblair, Andaman and Nicobar island, India",2,5,135202,12,13148
2019-09-26 20:09:08 IST,25.9,90.5,5,3.2,"52km NE of Tura, Meghalaya, India",1,6,11873,8,6010
2019-09-26 18:34:26 IST,28.1,84.6,10,4.3,"82km WNW of Kathmandu, Nepal",4,2,74989,13,9848
2019-09-24 17:38:16 IST,33.2,73.8,10,3.4,"51km WSW of Rajouri, Jammu and Kashmir",1,4,36350,12,9249
2019-09-24 16:31:55 IST,33.1,73.7,10,6,"64km WSW of Rajouri, Jammu and Kashmir",0,4,81260,11,5613
2019-09-24 14:17:29 IST,20,72.8,10,2.8,"103km N of Mumbai, Maharashtra, India",2,5,123590,11,1349
2019-09-23 21:57:35 IST,25.9,90.4,10,3.1,"47km NNE of Tura, Meghalaya, India",0,6,69770,10,370
2019-09-22 12:47:22 IST,19.9,72.7,10,3.4,"93km NNW of Mumbai, Maharashtra, India",3,6,143192,11,6452
2019-09-22 08:01:23 IST,24.2,93.6,20,4,"37km SSW of Moirang, Manipur, India",0,3,57169,4,7243
2019-09-21 22:30:06 IST,20,72.8,10,3.2,"103km N of Mumbai, Maharashtra, India",5,6,144261,9,12349
2019-09-20 16:32:32 IST,20,72.8,5,3.5,"103km N of Mumbai, Maharashtra, India",3,3,165487,11,6245
2019-09-20 03:10:47 IST,25.9,90.8,5,3.2,"73km NE of Tura, Meghalaya, India",1,7,150676,6,4253
2019-09-17 09:38:13 IST,28.3,84.7,10,4.5,"89km NW of Kathmandu, Nepal",2,3,82790,18,6958
2019-09-16 20:03:26 IST,29.6,80.7,10,4.3,"46km E of Pithoragarh, Uttarakhand, India",2,6,-6272,15,3607
2019-09-12 14:52:32 IST,36.6,70.7,250,5,"57km SSE of Fayzabad, Afghanistan",2,9,129108,11,1415
2019-09-12 02:22:22 IST,30.4,79.7,14,3.6,"22km SE of Joshimath, Uttarakhand , India",1,3,93738,12,1739
2019-09-09 21:27:37 IST,33,76,5,3.2,"92km NNW of Dharamshala, Himachal Pradesh, India",4,5,51080,10,4821
2019-09-09 14:35:06 IST,24.9,94.1,30,3.3,"18km ENE of Imphal, Manipur, India",1,7,72186,6,239
2019-09-09 12:57:51 IST,33,76,5,2.7,"92km NNW of Dharamshala, Himachal Pradesh, India",4,2,171721,14,3342
2019-09-09 12:40:16 IST,32.9,76,5,3.2,"81km NNW of Dharamshala, Himachal Pradesh, India",0,4,43132,9,11823
2019-09-09 12:10:31 IST,32.9,76.1,5,5,"78km NNW of Dharamshala, Himachal Pradesh, India",2,4,123415,14,3557
2019-09-08 08:04:34 IST,33,76.1,10,4.9,"89km NNW of Dharamshala, Himachal Pradesh, India",2,12,110897,14,1705
2019-09-08 07:59:22 IST,32.9,76,5,3.8,"81km NNW of Dharamshala, Himachal Pradesh, India",1,3,82130,7,14238
2019-09-08 07:03:07 IST,26.4,92.9,10,3.3,"30km SSE of Tezpur, Assam, India",4,4,132226,10,9355
2019-09-08 00:05:30 IST,32.9,76.1,10,3.4,"78km NNW of Dharamshala, Himachal Pradesh, India",2,7,181612,6,947
2019-09-06 11:10:11 IST,26.4,93.3,14,3.5,"57km ESE of Tezpur, Assam, India",4,6,85201,11,980
2019-09-05 22:22:55 IST,24.7,92.9,31,3.4,"83km ENE of Dharmanagar, Tripura, India",2,9,87840,10,9201
2019-09-04 15:30:30 IST,28,75.7,16,3.8,"115km SW of Jhajjar, Haryana",3,6,131103,12,8124
2019-09-04 02:13:00 IST,23.8,88.6,33,4.3,"134km ENE of Durgapur, West Bengal, India",3,3,145912,11,1072
2019-09-02 17:29:52 IST,27.4,93,27,3.5,"69km WNW of Itanagar, Arunachal Pradesh, India",1,3,93614,8,3403
2019-08-31 20:39:23 IST,22.8,95.5,10,5.6,"109km NNW of Burma, Myanmar",0,1,84731,12,13939
2019-08-29 02:16:33 IST,26,92.4,1,3.5,"58km ENE of Nongpoh, Meghalaya, India",1,4,-10882,11,8601
2019-08-28 19:10:02 IST,13.2,93.5,10,5,"56km E of Diglipur, Andaman and Nicobar island, India",2,4,61099,6,6632
2019-08-26 08:19:15 IST,26.6,96,80,5.1,"142km SSW of Changlang, Arunachal Pradesh, India",2,2,43034,18,3789
2019-08-26 04:21:34 IST,24.5,92.9,75,3.5,"75km NNW of Ngopa, Mizoram, India",4,2,134231,9,2048
2019-08-24 04:00:30 IST,30.8,78.4,5,3.2,"8km NNW of Uttarkashi, Uttarakhand, India",1,8,87804,8,6069
2019-08-22 21:15:17 IST,26.5,93.1,42,3.7,"35km ESE of Tezpur, Assam, India",3,8,85848,12,13839
2019-08-22 04:50:55 IST,32.4,76.3,5,2.7,"20km N of Dharamshala, Himachal Pradesh, India",4,6,99547,12,778
2019-08-21 14:49:13 IST,8.9,93.4,10,4.6,"217km NNW of Campbell Bay, Andaman and Nicobar island, India",4,7,56491,10,14865
2019-08-19 14:43:02 IST,23,70.4,10,4,"87km NNW of Rajkot, Gujarat, India",1,1,177662,13,3156
2019-08-19 11:13:23 IST,20,73,5,2.5,"82km W of Nashik, Maharashtra, India",2,6,164909,14,6161
2019-08-18 11:58:32 IST,23.9,93.7,45,4.7,"49km E of Ngopa, Mizoram, India",3,5,180905,11,723
2019-08-17 22:56:41 IST,25.5,94.5,58,2.9,"42km N of Shirui, Manipur, India",0,7,134170,7,8792
2019-08-16 17:47:02 IST,27.3,93.4,33,3.6,"31km NW of Itanagar, Arunachal Pradesh, India",1,11,98526,7,7279
2019-08-16 07:39:19 IST,36.4,70.7,200,5.1,"79km S of Fayzabad, Afghanistan",2,1,180736,8,10017
2019-08-14 13:44:07 IST,29.72,94.18,82,4.6,"199km NNW of Basar, Arunachal Pradesh, India",3,5,65951,14,8163
2019-08-13 16:20:09 IST,34.6,77.8,15,4.2,"53km NNE of Leh, Laddakh, India",2,5,56439,11,6002
2019-08-13 05:38:33 IST,20,72.8,10,3.2,"103km N of Mumbai, Maharashtra, India",1,5,69924,9,11079
2019-08-10 12:13:10 IST,37,71.6,94,5.5,"93km E of Fayzabad, Afghanistan",1,3,126143,12,424
2019-08-10 00:01:39 IST,26.7,92.5,26,3.5,"29km W of Tezpur, Assam, India",0,4,61894,8,8138
2019-08-09 18:10:32 IST,27.4,84.5,39,4.6,"87km WSW of Kathmandu, Nepal",2,6,92231,11,1752
2019-08-08 06:15:26 IST,36.5,70.1,220,6,"77km SSW of Fayzabad, Afghanistan",2,7,19907,7,6568
2019-08-06 01:38:55 IST,26.1,89.9,33,3.4,"71km NNW of Tura, Meghalaya, India",1,7,124054,7,11877
2019-08-05 00:34:51 IST,36.6,71.3,190,5.4,"86km SE of Fayzabad, Afghanistan",2,2,24144,11,2179
2019-08-04 06:56:19 IST,12.3,94.8,10,4.8,"224km ESE of Diglipur, Andaman and Nicobar island, India",3,5,53391,11,14040
2019-08-04 05:40:33 IST,24.7,94.3,40,4.1,"31km SW of Ukhrul, Manipur, India",2,8,160858,7,13333
2019-08-03 16:29:37 IST,22.5,88.1,10,3.6,"28km WSW of Kolkata, India",2,6,159015,4,6252
2019-08-03 01:59:11 IST,24.6,94.2,54,3.5,"35km SE of Imphal, Manipur, India",3,8,118715,11,139
2019-08-01 06:13:21 IST,14.5,92.9,10,4.6,"137km N of Diglipur, Andaman and Nicobar island, India",2,4,113783,13,11856
